"Date","Customer","GSL Branch","Product","Sales Type","ShipTo","Type","Units","Value","Currency","External Reference","Interface Date","Primary Key","Agreement ID","Advised Earnings","Order Reference","Delivery Reference","Invoice Reference"
"2024-11-11","8553","SC","L8422PRF-16","STANDARD","8553-1","SO","102.00","359.04","USD","SC0000174205-02","2024-11-12","17420522","","","","",""
"2024-11-11","8553","SC","WM412PRF-16","STANDARD","8553-1","SO","101.00","1535.20","USD","SC0000174205-02","2024-11-12","17420523","","","","",""
"2024-11-11","8553","SC","LWM390PRF-16","STANDARD","8553-1","SO","102.00","881.28","USD","SC0000174205-02","2024-11-12","17420524","","","","",""
"2024-11-11","8553","SC","SAN525PRF-16","STANDARD","8553-1","SO","117.00","2059.20","USD","SC0000174205-03","2024-11-12","17420531","","","","",""
"2024-11-11","3680","NJ","STEP7PRF-16","STANDARD","3680-2","CM","-11.00","-360.80","USD","NJ0000178720-01","2024-11-12","17872011","","","","",""
"2024-11-11","9856","NJ","SPECBEAD","STANDARD","9856-4","SO","75.00","2850.00","USD","NJ0000185843-01","2024-11-12","18584311","","","","",""
"2024-11-11","9856","NJ","SPECBEAD","STANDARD","9856-4","SO","60.00","2700.00","USD","NJ0000185843-01","2024-11-12","18584312","","","","",""
"2024-11-11","9856","NJ","SPECBEAD","STANDARD","9856-4","SO","130.00","4940.00","USD","NJ0000185843-01","2024-11-12","18584313","","","","",""
"2024-11-11","9856","NJ","SPECBEAD","STANDARD","9856-4","SO","1.00","160.00","USD","NJ0000185843-01","2024-11-12","18584315","","","","",""
"2024-11-11","9856","NJ","SPECBEAD","STANDARD","9856-4","SO","1.00","190.00","USD","NJ0000185843-01","2024-11-12","18584316","","","","",""
"2024-11-11","5367","NJ","SPECBEAD","STANDARD","5367-1","SO","3.00","315.00","USD","NJ0000188404-01","2024-11-12","18840411","","","","",""
"2024-11-11","9408","NJ","UC31H","STANDARD","9408-1","SO","60.00","336.00","USD","NJ0000188508-01","2024-11-12","18850811","","","","",""
"2024-11-11","3043","NJ","GSC738MDF-16","STANDARD","3043-1","CM","-7.00","-330.40","USD","NJ0000188937-01","2024-11-12","18893711","","","","",""
"2024-11-11","3096","SC","SPECPOP","STANDARD","3096-40","SO","330.00","1270.50","USD","SC0000188968-01","2024-11-12","18896811","","","","",""
"2024-11-11","9498","NJ","LTX14PRF-16","STANDARD","9498-1","CM","-1.00","-10.24","USD","NJ0000189862-01","2024-11-12","18986211","","","","",""
"2024-11-11","4656","NJ","SAN725PRF-16","PICKUP","4656-1","CM","-52.00","-1372.80","USD","NJ0000189915-01","2024-11-12","18991511","","","","",""
"2024-11-11","4656","NJ","MCC312PRF-16","PICKUP","4656-1","CM","-52.00","-832.00","USD","NJ0000189915-01","2024-11-12","18991512","","","","",""
"2024-11-11","3865","NJ","8416PRF-16","STANDARD","3865-7","CM","-10.00","-73.60","USD","NJ0000190251-01","2024-11-12","19025111","","","","",""
"2024-11-11","3865","NJ","8416PRF-16","STANDARD","3865-7","CM","-4.00","-29.44","USD","NJ0000190251-01","2024-11-12","19025112","","","","",""
"2024-11-11","8553","SC","WM472PRF-16","STANDARD","8553-1","SO","768.00","3686.40","USD","SC0000190319-01","2024-11-12","19031911","","","","",""
"2024-11-11","8553","SC","LWM432PRF-16","STANDARD","8553-1","SO","528.00","4055.04","USD","SC0000190319-01","2024-11-12","19031912","","","","",""
"2024-11-11","9856","NJ","SPECBEAD","STANDARD","9856-4","SO","5.00","365.00","USD","NJ0000190680-01","2024-11-12","19068011","","","","",""
"2024-11-11","9856","NJ","SPECBEAD","STANDARD","9856-4","SO","10.00","730.00","USD","NJ0000190680-01","2024-11-12","19068012","","","","",""
"2024-11-11","5040","NJ","L8288","STANDARD","5040-3","CM","-24.00","-34.80","USD","NJ0000191085-01","2024-11-12","19108511","","","","",""
"2024-11-11","5052","NJ","PL134PRF-16","STANDARD","5052-1","CM","-20.00","-240.00","USD","NJ0000193382-01","2024-11-12","19338211","","","","",""
"2024-11-11","5052","NJ","PB518POP","STANDARD","5052-1","CM","-13.00","-77.35","USD","NJ0000195249-01","2024-11-12","19524911","","","","",""
"2024-11-11","5052","NJ","MCR550MDF-16","STANDARD","5052-1","CM","-1.00","-37.60","USD","NJ0000195251-01","2024-11-12","19525111","","","","",""
"2024-11-11","3694","NJ","DCR725PP-18","STANDARD","3694-2","CM","-4.00","-513.36","USD","NJ0000195392-01","2024-11-12","19539211","","","","",""
"2024-11-11","4368","NJ","L8027PRF-16","STANDARD","4368-1","SO","75.00","1260.00","USD","NJ0000196129-01","2024-11-12","19612911","","","","",""
"2024-11-11","3076","NJ","SH1H","STANDARD","3076-16","SO","26.00","62.40","USD","NJ0000196356-01","2024-11-12","19635611","","","","",""
"2024-11-11","9764","NJ","LTX14PRF-16","STANDARD","9764-2","CM","-120.00","-1113.60","USD","NJ0000196423-01","2024-11-12","19642311","","","","",""
"2024-11-11","8706","NJ","138BBPVC-16","STANDARD","8706-1","CM","-5.00","-144.00","USD","NJ0000196539-01","2024-11-12","19653911","","","","",""
"2024-11-11","9801","NJ","F8712PRF-16","STANDARD","9801-1","CM","-4.00","-92.80","USD","NJ0000196823-01","2024-11-12","19682311","","","","",""
"2024-11-11","272","NJ","LT312OAK","STANDARD","272-13","CM","-12.00","-32.64","USD","NJ0000197009-01","2024-11-12","19700911","","","","",""
"2024-11-11","6047","NJ","L1021PRF-16","STANDARD","6047-1","SO","80.00","1728.00","USD","NJ0000197153-01","2024-11-12","19715311","","","","",""
"2024-11-11","4139","NJ","LTX16PRF-12","STANDARD","4139-1","SO","80.00","902.40","USD","NJ0000197294-01","2024-11-12","19729411","","","","",""
"2024-11-11","4139","NJ","LTX546PRF-12","STANDARD","4139-1","SO","48.00","887.04","USD","NJ0000197294-01","2024-11-12","19729412","","","","",""
"2024-11-11","9856","NJ","12AC","STANDARD","9856-1","SO","80.00","2757.60","USD","NJ0000197408-01","2024-11-12","19740811","","","","",""
"2024-11-11","5052","NJ","SC234PVC-16","STANDARD","5052-1","CM","-1.00","-40.00","USD","NJ0000197553-01","2024-11-12","19755311","","","","",""
"2024-11-11","3865","NJ","F8OAK","STANDARD","3865-7","CM","-18.00","-85.50","USD","NJ0000197556-01","2024-11-12","19755611","","","","",""
"2024-11-11","4226","NJ","WM412PRF-16","STANDARD","4226-1","SO","5.00","76.00","USD","NJ0000197577-03","2024-11-12","19757731","","","","",""
"2024-11-11","5015","NJ","BDB45PRF-16","STANDARD","5015-1","CM","-1.00","-24.00","USD","NJ0000197590-01","2024-11-12","19759011","","","","",""
"2024-11-11","9764","NJ","LWM445PRF-16","STANDARD","9764-2","SO","16.00","204.80","USD","NJ0000197650-01","2024-11-12","19765011","","","","",""
"2024-11-11","9764","NJ","PLB8MDF-16","STANDARD","9764-2","SO","11.00","440.00","USD","NJ0000197650-01","2024-11-12","19765012","","","","",""
"2024-11-11","9764","NJ","WM163PRF-16","STANDARD","9764-2","SO","2.00","12.80","USD","NJ0000197650-01","2024-11-12","19765013","","","","",""
"2024-11-11","9764","NJ","L1021PRF-16","STANDARD","9764-2","SO","3.00","91.20","USD","NJ0000197650-01","2024-11-12","19765014","","","","",""
"2024-11-11","9764","NJ","LTX16PRF-16","STANDARD","9764-2","SO","12.00","180.48","USD","NJ0000197650-01","2024-11-12","19765015","","","","",""
"2024-11-11","5052","NJ","MCC312PRF-16","STANDARD","5052-1","CM","-22.00","-387.20","USD","NJ0000197655-01","2024-11-12","19765511","","","","",""
"2024-11-11","823","NJ","MCS1PRF-16","STANDARD","823-2","CM","-23.00","-154.56","USD","NJ0000197680-01","2024-11-12","19768011","","","","",""
"2024-11-11","147","SC","D546WO","STANDARD","147-1","CM","-24.00","-286.80","USD","SC0000197691-01","2024-11-12","19769111","","","","",""
"2024-11-11","147","SC","D5412POP","STANDARD","147-1","CM","-24.00","-211.20","USD","SC0000197691-01","2024-11-12","19769112","","","","",""
"2024-11-11","6038","NJ","MCR514PRF-16","STANDARD","6038-1","SO","32.00","1280.00","USD","NJ0000197692-01","2024-11-12","19769211","","","","",""
"2024-11-11","6038","NJ","MCR714PRF-16","STANDARD","6038-1","SO","30.00","1560.00","USD","NJ0000197692-01","2024-11-12","19769212","","","","",""
"2024-11-11","3034","NJ","BB7PRF-16","STANDARD","3034-1","SO","4.00","144.00","USD","NJ0000197697-01","2024-11-12","19769711","","","","",""
"2024-11-11","6631","NJ","D16MDF-16","STANDARD","6631-1","CM","-52.00","-832.00","USD","NJ0000197702-01","2024-11-12","19770211","","","","",""
"2024-11-11","3676","NJ","ECB4PRF-16","PICKUP","3676-10","CM","-10.00","-184.00","USD","NJ0000197715-01","2024-11-12","19771511","","","","",""
"2024-11-11","3505","NJ","BB514","STANDARD","3505-2","CM","-48.00","-189.60","USD","NJ0000197721-01","2024-11-12","19772111","","","","",""
"2024-11-11","6003","NJ","GSC614MDF-16","STANDARD","6003-3","SO","14.00","616.00","USD","NJ0000197740-01","2024-11-12","19774011","","","","",""
"2024-11-11","594","NJ","MCR550MDF-16","STANDARD","594-1","CM","-28.00","-1052.80","USD","NJ0000197883-01","2024-11-12","19788311","","","","",""
"2024-11-11","594","NJ","MCR550MDF-16","STANDARD","594-1","CM","-9.00","-338.40","USD","NJ0000197884-01","2024-11-12","19788411","","","","",""
"2024-11-11","6404","NJ","MCOV6PRF-16","STANDARD","6404-1","CM","-8.00","-288.00","USD","NJ0000197890-01","2024-11-12","19789011","","","","",""
"2024-11-11","4591","NJ","SAD631OAK","STANDARD","4591-1","SO","5.00","42.50","USD","NJ0000197905-01","2024-11-12","19790512","","","","",""
"2024-11-11","4591","NJ","LTX112PRF-8","STANDARD","4591-1","SO","10.00","158.40","USD","NJ0000197905-01","2024-11-12","19790513","","","","",""
"2024-11-11","3663","NJ","LK4PRF-16","STANDARD","3663-11","SO","208.00","6822.40","USD","NJ0000197953-01","2024-11-12","19795311","","","","",""
"2024-11-11","3865","NJ","CCL32","STANDARD","3865-20","SO","5.00","375.00","USD","NJ0000197984-01","2024-11-12","19798411","","","","",""
"2024-11-11","6003","NJ","LS6PRF-16","STANDARD","6003-3","SO","10.00","472.00","USD","NJ0000198006-01","2024-11-12","19800611","","","","",""
"2024-11-11","3096","SC","D16POP","STANDARD","3096-40","SO","589.00","1501.95","USD","SC0000198053-01","2024-11-12","19805311","","","","",""
"2024-11-11","3096","SC","D18POP","STANDARD","3096-40","SO","314.00","1146.10","USD","SC0000198053-01","2024-11-12","19805312","","","","",""
"2024-11-11","9497","NJ","L8010PRF-16","STANDARD","9497-1","SO","1.00","8.80","USD","NJ0000198054-01","2024-11-12","19805411","","","","",""
"2024-11-11","8426","SC","PLB9MDF-16","STANDARD","8426-1","SO","1.00","34.40","USD","SC0000198060-01","2024-11-12","19806011","","","","",""
"2024-11-11","3034","NJ","STEP35PRF-16","STANDARD","3034-1","SO","75.00","1380.00","USD","NJ0000198098-01","2024-11-12","19809811","","","","",""
"2024-11-11","3034","NJ","STEP7PRF-16","STANDARD","3034-1","SO","38.00","1185.60","USD","NJ0000198098-01","2024-11-12","19809812","","","","",""
"2024-11-11","9497","NJ","WEL312","STANDARD","9497-1","SO","2.00","5.50","USD","NJ0000198110-01","2024-11-12","19811011","","","","",""
"2024-11-11","3034","NJ","12MDF","STANDARD","3034-1","SO","1.00","34.00","USD","NJ0000198173-01","2024-11-12","19817311","","","","",""
"2024-11-11","792","NJ","ECB6PRF-16","STANDARD","792-1","SO","70.00","1299.20","USD","NJ0000198230-01","2024-11-12","19823011","","","","",""
"2024-11-11","4265","NJ","8072","STANDARD","4265-1","SO","60.00","63.00","USD","NJ0000198237-01","2024-11-12","19823711","","","","",""
"2024-11-11","6038","NJ","D4PRF-16","STANDARD","6038-1","SO","6.00","120.00","USD","NJ0000198241-01","2024-11-12","19824111","","","","",""
"2024-11-11","9497","NJ","8416PRF-16","STANDARD","9497-1","SO","63.00","524.16","USD","NJ0000198243-01","2024-11-12","19824311","","","","",""
"2024-11-11","8458","SC","SILL7435PVC-16","STANDARD","8458-1","SO","9.00","612.00","USD","SC0000198293-01","2024-11-12","19829311","","","","",""
"2024-11-11","4557","NJ","LTX12PRF-16","STANDARD","4557-2","SO","50.00","312.00","USD","NJ0000198325-01","2024-11-12","19832511","","","","",""
"2024-11-11","4557","NJ","LWM47PRF-16","STANDARD","4557-2","SO","50.00","600.00","USD","NJ0000198325-01","2024-11-12","19832512","","","","",""
"2024-11-11","4557","NJ","SC234PRF-16","STANDARD","4557-2","SO","16.00","448.00","USD","NJ0000198325-01","2024-11-12","19832513","","","","",""
"2024-11-11","3817","NJ","JL678PRF-8","STANDARD","3817-2","SO","28.00","504.00","USD","NJ0000198351-01","2024-11-12","19835111","","","","",""
"2024-11-11","3817","NJ","JL691PRF-8","STANDARD","3817-2","SO","5.00","90.00","USD","NJ0000198351-01","2024-11-12","19835112","","","","",""
"2024-11-11","3817","NJ","JL478PRF-8","STANDARD","3817-2","SO","5.00","65.00","USD","NJ0000198351-01","2024-11-12","19835113","","","","",""
"2024-11-11","4557","NJ","D548WO","STANDARD","4557-4","SO","10.00","132.00","USD","NJ0000198371-02","2024-11-12","19837121","","","","",""
"2024-11-11","4557","NJ","D546WO","STANDARD","4557-4","SO","8.00","81.20","USD","NJ0000198371-02","2024-11-12","19837122","","","","",""
"2024-11-11","995","NJ","MCOV6PRF-16","STANDARD","995-1","SO","4.00","144.00","USD","NJ0000198384-01","2024-11-12","19838411","","","","",""
"2024-11-11","4288","NJ","BB7MDF-16","STANDARD","4288-1","SO","1.00","21.60","USD","NJ0000198390-01","2024-11-12","19839011","","","","",""
"2024-11-11","6003","NJ","WM315PRF-16","STANDARD","6003-1","SO","48.00","307.20","USD","NJ0000198396-01","2024-11-12","19839611","","","","",""
"2024-11-11","4093","NJ","B8712PRF-16","STANDARD","4093-1","SO","480.00","2649.60","USD","NJ0000198398-01","2024-11-12","19839811","","","","",""
"2024-11-11","792","NJ","D18PVC-18","STANDARD","792-1","SO","6.00","372.00","USD","NJ0000198414-01","2024-11-12","19841411","","","","",""
"2024-11-11","792","NJ","D16PVC-18","STANDARD","792-1","SO","12.00","576.00","USD","NJ0000198414-01","2024-11-12","19841412","","","","",""
"2024-11-11","792","NJ","D14PVC-18","STANDARD","792-1","SO","6.00","192.00","USD","NJ0000198414-01","2024-11-12","19841413","","","","",""
"2024-11-11","792","NJ","D110PVC-18","STANDARD","792-1","SO","6.00","480.00","USD","NJ0000198414-01","2024-11-12","19841414","","","","",""
"2024-11-11","6001","NJ","WM47","STANDARD","6001-1","CM","-64.00","-288.00","USD","NJ0000198423-01","2024-11-12","19842311","","","","",""
"2024-11-11","6001","NJ","WM47","STANDARD","6001-1","CM","-64.00","-288.00","USD","NJ0000198427-01","2024-11-12","19842711","","","","",""
"2024-11-11","3096","NJ","STEP35PRF-16","STANDARD","3096-58","SO","14.00","280.00","USD","NJ0000198430-01","2024-11-12","19843011","","","","",""
"2024-11-11","4264","NJ","BDBCAPPRF-16","STANDARD","4264-1","SO","80.00","512.00","USD","NJ0000198434-01","2024-11-12","19843411","","","","",""
"2024-11-11","3076","NJ","STEP35PRF-16","STANDARD","3076-11","CM","-31.00","-545.60","USD","NJ0000198439-01","2024-11-12","19843911","","","","",""
"2024-11-11","3076","NJ","MCS1PRF-16","STANDARD","3076-11","CM","-37.00","-248.64","USD","NJ0000198439-01","2024-11-12","19843912","","","","",""
"2024-11-11","5842","NJ","WM356PRF-16","STANDARD","5842-2","SO","6.00","36.48","USD","NJ0000198440-01","2024-11-12","19844011","","","","",""
"2024-11-11","4378","NJ","NCS18-06","STANDARD","4378-1","SO","170.00","39100.00","USD","NJ0000198441-01","2024-11-12","19844111","","","","",""
"2024-11-11","4617","NJ","12MDF","STANDARD","4617-1","SO","2.00","76.00","USD","NJ0000198448-01","2024-11-12","19844811","","","","",""
"2024-11-11","3992","NJ","D5412OAK","STANDARD","3992-1","SO","13.00","130.00","USD","NJ0000198449-01","2024-11-12","19844911","","","","",""
"2024-11-11","3096","NJ","SCOOP7PRF-16","STANDARD","3096-58","SO","22.00","721.60","USD","NJ0000198456-01","2024-11-12","19845611","","","","",""
"2024-11-11","3096","NJ","SCOOP35PRF-16","STANDARD","3096-58","SO","24.00","480.00","USD","NJ0000198456-01","2024-11-12","19845612","","","","",""
"2024-11-11","9807","NJ","12BIR","STANDARD","9807-1","SO","20.00","540.00","USD","NJ0000198471-01","2024-11-12","19847111","","","","",""
"2024-11-11","9807","NJ","34OAK","STANDARD","9807-1","SO","3.00","285.00","USD","NJ0000198471-01","2024-11-12","19847112","","","","",""
"2024-11-11","9807","NJ","34MDF10","STANDARD","9807-1","SO","1.00","75.00","USD","NJ0000198490-01","2024-11-12","19849011","","","","",""
"2024-11-11","6631","NJ","WM315PRF-16","STANDARD","6631-5","SO","48.00","414.72","USD","NJ0000198502-01","2024-11-12","19850211","","","","",""
"2024-11-11","6631","NJ","D693PRF-16","STANDARD","6631-5","SO","27.00","259.20","USD","NJ0000198502-01","2024-11-12","19850212","","","","",""
"2024-11-11","3950","NJ","MCR514MDF-16","STANDARD","3950-1","SO","1.00","32.80","USD","NJ0000198531-01","2024-11-12","19853111","","","","",""
"2024-11-11","4360","NJ","CGM31PRF-16","STANDARD","4360-1","SO","4.00","92.80","USD","NJ0000198546-01","2024-11-12","19854611","","","","",""
"2024-11-11","584","NJ","L8065PRF-16","STANDARD","584-1","SO","48.00","184.32","USD","NJ0000198549-01","2024-11-12","19854912","","","","",""
"2024-11-11","562","NJ","WM750PRF-16","STANDARD","562-1","SO","5.00","60.00","USD","NJ0000198577-01","2024-11-12","19857711","","","","",""
"2024-11-11","3096","NJ","WM81","STANDARD","3096-98","SO","416.00","1123.20","USD","NJ0000198596-01","2024-11-12","19859611","","","","",""
"2024-11-11","325","NJ","MCAP1PRF-16","STANDARD","325-1","SO","6.00","67.20","USD","NJ0000198616-02","2024-11-12","19861621","","","","",""
"2024-11-11","325","NJ","MSC275PRF-16","STANDARD","325-1","SO","1.00","31.20","USD","NJ0000198616-02","2024-11-12","19861622","","","","",""
"2024-11-11","325","NJ","MCR550MDF-16","STANDARD","325-1","SO","4.00","150.40","USD","NJ0000198616-02","2024-11-12","19861623","","","","",""
"2024-11-11","272","NJ","LTX16PRF-12","STANDARD","272-11","SO","3.00","33.84","USD","NJ0000198632-01","2024-11-12","19863211","","","","",""
"2024-11-11","272","NJ","D4PRF-16","STANDARD","272-11","SO","36.00","662.40","USD","NJ0000198632-01","2024-11-12","19863212","","","","",""
"2024-11-11","272","NJ","LTX110PRF-16","STANDARD","272-11","SO","2.00","52.48","USD","NJ0000198632-01","2024-11-12","19863213","","","","",""
"2024-11-11","272","NJ","LTX18PRF-16","STANDARD","272-11","SO","2.00","40.96","USD","NJ0000198632-01","2024-11-12","19863214","","","","",""
"2024-11-11","9856","NJ","MCC312PRF-16","STANDARD","9856-4","SO","64.00","1024.00","USD","NJ0000198639-01","2024-11-12","19863911","","","","",""
"2024-11-11","4030","NJ","8904","STANDARD","4030-1","SO","2296.00","1699.04","USD","NJ0000198641-01","2024-11-12","19864111","","","","",""
"2024-11-11","4265","NJ","DCR725PP-18","STANDARD","4265-1","SO","8.00","1080.00","USD","NJ0000198644-01","2024-11-12","19864411","","","","",""
"2024-11-11","4265","NJ","BC5PRF-16","STANDARD","4265-1","SO","26.00","1144.00","USD","NJ0000198644-01","2024-11-12","19864412","","","","",""
"2024-11-11","4378","SC","NCS18-04","STANDARD","4378-29","SO","14.00","3500.00","USD","SC0000198653-01","2024-11-12","19865311","","","","",""
"2024-11-11","3992","NJ","8412PRF-16","STANDARD","3992-1","SO","100.00","704.00","USD","NJ0000198658-01","2024-11-12","19865811","","","","",""
"2024-11-11","3816","NJ","WM315PRF-16","STANDARD","3816-9","SO","12.00","76.80","USD","NJ0000198663-01","2024-11-12","19866313","","","","",""
"2024-11-11","3816","NJ","D693PRF-16","STANDARD","3816-9","SO","1.00","7.68","USD","NJ0000198663-01","2024-11-12","19866314","","","","",""
"2024-11-11","3816","NJ","D5410POP","STANDARD","3816-9","SO","24.00","177.60","USD","NJ0000198663-01","2024-11-12","19866315","","","","",""
"2024-11-11","3816","NJ","C8090PRF-16","STANDARD","3816-9","SO","100.00","432.00","USD","NJ0000198663-01","2024-11-12","19866316","","","","",""
"2024-11-11","3816","NJ","34MDF10","STANDARD","3816-9","SO","1.00","75.00","USD","NJ0000198663-02","2024-11-12","19866321","","","","",""
"2024-11-11","3816","NJ","34MEL12-12","STANDARD","3816-9","SO","9.00","234.00","USD","NJ0000198663-02","2024-11-12","19866322","","","","",""
"2024-11-11","3663","NJ","L8013PRF-16","STANDARD","3663-11","SO","60.00","758.40","USD","NJ0000198678-01","2024-11-12","19867811","","","","",""
"2024-11-11","100","NJ","WP856PRF-16","STANDARD","100-9","SO","4.00","24.32","USD","NJ0000198697-01","2024-11-12","19869711","","","","",""
"2024-11-11","5059","NJ","8432PRF-16","STANDARD","5059-2","SO","48.00","215.04","USD","NJ0000198706-01","2024-11-12","19870611","","","","",""
"2024-11-11","5059","NJ","L8753PRF-16","STANDARD","5059-2","SO","10.00","92.80","USD","NJ0000198706-01","2024-11-12","19870612","","","","",""
"2024-11-11","5059","NJ","8753PRF-16","STANDARD","5059-2","SO","24.00","153.60","USD","NJ0000198706-01","2024-11-12","19870613","","","","",""
"2024-11-11","5059","NJ","E8090PRF-16","STANDARD","5059-2","SO","24.00","145.92","USD","NJ0000198706-01","2024-11-12","19870614","","","","",""
"2024-11-11","71","NJ","BB518PRF-16","STANDARD","71-1","SO","13.00","301.60","USD","NJ0000198714-01","2024-11-12","19871411","","","","",""
"2024-11-11","272","NJ","D14PVC-18","STANDARD","272-24","SO","26.00","754.00","USD","NJ0000198722-01","2024-11-12","19872212","","","","",""
"2024-11-11","272","NJ","8065PVC-16","STANDARD","272-24","SO","180.00","1584.00","USD","NJ0000198722-01","2024-11-12","19872213","","","","",""
"2024-11-11","272","NJ","D14PVC-18","STANDARD","272-24","SO","154.00","4466.00","USD","NJ0000198722-02","2024-11-12","19872221","","","","",""
"2024-11-11","3096","NJ","MCC312PRF-16","STANDARD","3096-58","SO","14.00","212.80","USD","NJ0000198732-01","2024-11-12","19873211","","","","",""
"2024-11-11","3096","NJ","MCBB2PRF-16","STANDARD","3096-58","SO","14.00","179.20","USD","NJ0000198732-01","2024-11-12","19873212","","","","",""
"2024-11-11","71","NJ","MCB725MDF-16","STANDARD","71-1","SO","4.00","96.00","USD","NJ0000198742-01","2024-11-12","19874211","","","","",""
"2024-11-11","71","NJ","MCB525MDF-16","STANDARD","71-1","SO","4.00","73.60","USD","NJ0000198742-01","2024-11-12","19874212","","","","",""
"2024-11-11","3076","SC","W314YP","STANDARD","3076-71","SO","140.00","95.20","USD","SC0000198743-01","2024-11-12","19874311","","","","",""
"2024-11-11","535","NJ","LTX18PRF-16","STANDARD","535-1","SO","10.00","252.80","USD","NJ0000198756-01","2024-11-12","19875611","","","","",""
"2024-11-11","3096","NJ","WC1PRF-16","STANDARD","3096-58","SO","5.00","112.00","USD","NJ0000198771-01","2024-11-12","19877111","","","","",""
"2024-11-11","3096","NJ","BB514PRF-16","STANDARD","3096-58","SO","32.00","486.40","USD","NJ0000198771-01","2024-11-12","19877112","","","","",""
"2024-11-11","3096","NJ","UC41PRF-16","STANDARD","3096-58","SO","23.00","552.00","USD","NJ0000198771-01","2024-11-12","19877113","","","","",""
"2024-11-11","535","NJ","LWM49PRF-16","STANDARD","535-1","SO","20.00","208.00","USD","NJ0000198779-01","2024-11-12","19877911","","","","",""
"2024-11-11","3076","SC","S4S14PRF-82","STANDARD","3076-83","SO","2640.00","9108.00","USD","SC0000198792-01","2024-11-12","19879211","","","","",""
"2024-11-11","9593","NJ","8409","STANDARD","9593-1","SO","55.00","77.00","USD","NJ0000198809-01","2024-11-12","19880911","","","","",""
"2024-11-11","9856","NJ","MCOV6PRF-16","STANDARD","9856-4","SO","1.00","40.00","USD","NJ0000198843-01","2024-11-12","19884311","","","","",""
"2024-11-11","4265","NJ","BC5PRF-16","STANDARD","4265-1","SO","1.00","44.00","USD","NJ0000198855-01","2024-11-12","19885511","","","","",""
"2024-11-11","792","NJ","8047","STANDARD","792-1","SO","16.00","56.00","USD","NJ0000198889-01","2024-11-12","19888911","","","","",""
"2024-11-11","3096","NJ","SHIP8MDF-16","STANDARD","3096-18","SO","8.00","224.00","USD","NJ0000198920-01","2024-11-12","19892011","","","","",""
"2024-11-11","9856","NJ","LTX14PRF-16","STANDARD","9856-1","SO","120.00","1113.60","USD","NJ0000198929-01","2024-11-12","19892911","","","","",""
"2024-11-11","5059","NJ","34MDF-MRI","STANDARD","5059-2","SO","3.00","285.00","USD","NJ0000198936-01","2024-11-12","19893611","","","","",""
"2024-11-11","5059","NJ","34MDF-MRI","STANDARD","5059-2","SO","2.00","190.00","USD","NJ0000198936-01","2024-11-12","19893612","","","","",""
"2024-11-11","4557","NJ","WM163PRF-16","STANDARD","4557-4","SO","900.00","4032.00","USD","NJ0000198945-01","2024-11-12","19894511","","","","",""
"2024-11-11","100","NJ","D14","STANDARD","100-9","SO","48.00","79.20","USD","NJ0000198954-01","2024-11-12","19895411","","","","",""
"2024-11-11","3676","NJ","PL118","STANDARD","3676-5","SO","208.00","176.80","USD","NJ0000198973-01","2024-11-12","19897311","","","","",""
"2024-11-11","3676","NJ","DC400PP-18","STANDARD","3676-5","SO","8.00","504.00","USD","NJ0000198973-01","2024-11-12","19897312","","","","",""
"2024-11-11","9807","NJ","L8753PRF-16","STANDARD","9807-1","SO","5.00","56.00","USD","NJ0000198978-01","2024-11-12","19897811","","","","",""
"2024-11-11","9778","NJ","14OAK","STANDARD","9778-1","SO","2.00","76.00","USD","NJ0000199017-01","2024-11-12","19901711","","","","",""
"2024-11-11","562","NJ","LTX13PRF-16","STANDARD","562-1","SO","20.00","249.60","USD","NJ0000199019-01","2024-11-12","19901911","","","","",""
"2024-11-11","562","NJ","D693PRF-16","STANDARD","562-1","SO","10.00","76.80","USD","NJ0000199019-01","2024-11-12","19901912","","","","",""
"2024-11-11","3950","NJ","UC51MDF-16","STANDARD","3950-1","SO","32.00","614.40","USD","NJ0000199034-01","2024-11-12","19903411","","","","",""
"2024-11-11","4226","NJ","B8712PRF-16","STANDARD","4226-1","SO","64.00","491.52","USD","NJ0000199037-01","2024-11-12","19903711","","","","",""
"2024-11-11","4226","NJ","8753PRF-16","STANDARD","4226-1","SO","63.00","403.20","USD","NJ0000199037-01","2024-11-12","19903712","","","","",""
"2024-11-11","4030","NJ","8063PRF-8","STANDARD","4030-2","SO","50.00","96.00","USD","NJ0000199053-01","2024-11-12","19905311","","","","",""
"2024-11-11","4139","NJ","D693PRF-16","STANDARD","4139-1","SO","80.00","614.40","USD","NJ0000199055-01","2024-11-12","19905511","","","","",""
"2024-11-11","4139","NJ","L634PRF-16","STANDARD","4139-1","SO","72.00","576.00","USD","NJ0000199055-01","2024-11-12","19905512","","","","",""
"2024-11-11","4139","NJ","D4PRF-16","STANDARD","4139-1","SO","100.00","1840.00","USD","NJ0000199055-01","2024-11-12","19905513","","","","",""
"2024-11-11","3076","SC","WM93OAK","STANDARD","3076-61","SO","150.00","127.50","USD","SC0000199058-01","2024-11-12","19905811","","","","",""
"2024-11-11","3865","NJ","BB518PRF-16","STANDARD","3865-20","SO","1.00","23.20","USD","NJ0000199067-01","2024-11-12","19906711","","","","",""
"2024-11-11","4235","NJ","D14MDF-17","STANDARD","4235-2","SO","3630.00","20333.45","USD","NJ0000199071-01","2024-11-12","19907111","","","","",""
"2024-11-11","3992","NJ","PLB9MDF-16","STANDARD","3992-1","SO","10.00","312.00","USD","NJ0000199078-01","2024-11-12","19907811","","","","",""
"2024-11-11","3992","NJ","8024PRF-16","STANDARD","3992-1","SO","20.00","147.20","USD","NJ0000199078-01","2024-11-12","19907812","","","","",""
"2024-11-11","5115","NJ","D5PRF-16","STANDARD","5115-3","SO","4.00","105.60","USD","NJ0000199080-01","2024-11-12","19908011","","","","",""
"2024-11-11","3068","NJ","D544POP","STANDARD","3068-6","SO","811.00","1411.14","USD","NJ0000199083-01","2024-11-12","19908314","","","","",""
"2024-11-11","3068","NJ","XLP14PRF-16","STANDARD","3068-6","SO","432.00","5391.36","USD","NJ0000199083-02","2024-11-12","19908321","","","","",""
"2024-11-11","3068","NJ","XLP16PRF-16","STANDARD","3068-6","SO","192.00","3840.00","USD","NJ0000199083-02","2024-11-12","19908322","","","","",""
"2024-11-11","3068","NJ","XLP18PRF-16","STANDARD","3068-6","SO","60.00","1574.40","USD","NJ0000199083-02","2024-11-12","19908323","","","","",""
"2024-11-11","3096","SC","LK4MDF-16","STANDARD","3096-106","SO","194.00","4345.60","USD","SC0000199101-01","2024-11-12","19910111","","","","",""
"2024-11-11","4347","NJ","LTX16PRF-16","STANDARD","4347-1","SO","12.00","230.40","USD","NJ0000199105-01","2024-11-12","19910514","","","","",""
"2024-11-11","4347","NJ","LTX15PRF-16","STANDARD","4347-1","SO","12.00","207.36","USD","NJ0000199105-01","2024-11-12","19910515","","","","",""
"2024-11-11","4347","NJ","WM444","STANDARD","4347-1","SO","568.00","1306.40","USD","NJ0000199105-01","2024-11-12","19910516","","","","",""
"2024-11-11","4347","NJ","WM351PRF-7","STANDARD","4347-1","SO","672.00","1411.20","USD","NJ0000199105-02","2024-11-12","19910521","","","","",""
"2024-11-11","4347","NJ","STF1PRF-7.5","STANDARD","4347-1","SO","440.00","1452.00","USD","NJ0000199105-02","2024-11-12","19910522","","","","",""
"2024-11-11","4347","NJ","JL491PRF","STANDARD","4347-1","SO","540.00","2565.00","USD","NJ0000199105-02","2024-11-12","19910523","","","","",""
"2024-11-11","100","NJ","WM315","STANDARD","100-9","SO","16.00","32.00","USD","NJ0000199114-01","2024-11-12","19911411","","","","",""
"2024-11-11","3068","NJ","D14POP","STANDARD","3068-7","SO","1005.00","1105.50","USD","NJ0000199123-01","2024-11-12","19912311","","","","",""
"2024-11-11","3068","NJ","XLP14PRF-16","STANDARD","3068-8","SO","144.00","1797.12","USD","NJ0000199132-01","2024-11-12","19913211","","","","",""
"2024-11-11","3068","NJ","XLP16PRF-16","STANDARD","3068-8","SO","96.00","1920.00","USD","NJ0000199132-01","2024-11-12","19913212","","","","",""
"2024-11-11","3068","NJ","XLP18PRF-16","STANDARD","3068-8","SO","60.00","1574.40","USD","NJ0000199132-01","2024-11-12","19913213","","","","",""
"2024-11-11","3068","NJ","XLP546PRF-16","STANDARD","3068-8","SO","56.00","1639.68","USD","NJ0000199132-01","2024-11-12","19913214","","","","",""
"2024-11-11","3068","NJ","XLP18PRF-16","STANDARD","3068-10","SO","60.00","1574.40","USD","NJ0000199139-01","2024-11-12","19913911","","","","",""
"2024-11-11","3068","NJ","XLP546PRF-16","STANDARD","3068-10","SO","56.00","1639.68","USD","NJ0000199139-01","2024-11-12","19913912","","","","",""
"2024-11-11","4525","NJ","34MDF","STANDARD","4525-5","SO","52.00","1924.00","USD","NJ0000199160-01","2024-11-12","19916011","","","","",""
"2024-11-11","5059","NJ","SAD5OAK","STANDARD","5059-2","SO","32.00","75.20","USD","NJ0000199168-01","2024-11-12","19916811","","","","",""
"2024-11-11","5059","NJ","WM753PRF-16","STANDARD","5059-2","SO","29.00","301.60","USD","NJ0000199171-01","2024-11-12","19917111","","","","",""
"2024-11-11","5059","NJ","D18WO","STANDARD","5059-2","SO","10.00","119.50","USD","NJ0000199171-01","2024-11-12","19917112","","","","",""
"2024-11-11","321","NJ","EBV4YP","STANDARD","321-2","SO","288.00","273.60","USD","NJ0000199187-01","2024-11-12","19918711","","","","",""
"2024-11-11","3694","NJ","VG6PRF-16","PICKUP","3694-7","SO","48.00","1827.84","USD","NJ0000199195-01","2024-11-12","19919511","","","","",""
"2024-11-11","9801","NJ","LWM47","STANDARD","9801-1","SO","32.00","88.00","USD","NJ0000199201-01","2024-11-12","19920111","","","","",""
"2024-11-11","4282","NJ","8753PRF-16","PICKUP","4282-1","SO","672.00","3225.60","USD","NJ0000199202-02","2024-11-12","19920221","","","","",""
"2024-11-11","6019","NJ","LWM70","STANDARD","6019-1","SO","16.00","35.20","USD","NJ0000199205-01","2024-11-12","19920511","","","","",""
"2024-11-11","6019","NJ","WEL334OAK","STANDARD","6019-1","SO","20.00","79.00","USD","NJ0000199205-01","2024-11-12","19920512","","","","",""
"2024-11-11","4497","NJ","WM315","STANDARD","4497-1","SO","384.00","652.80","USD","NJ0000199206-01","2024-11-12","19920611","","","","",""
"2024-11-11","4497","NJ","8432PRF-16","STANDARD","4497-1","SO","100.00","416.00","USD","NJ0000199206-01","2024-11-12","19920612","","","","",""
"2024-11-11","4497","NJ","LTX16PRF-12","STANDARD","4497-1","SO","80.00","902.40","USD","NJ0000199206-02","2024-11-12","19920623","","","","",""
"2024-11-11","4497","NJ","LTX546PRF-12","STANDARD","4497-1","SO","48.00","887.04","USD","NJ0000199206-02","2024-11-12","19920624","","","","",""
"2024-11-11","6029","SC","LTX110PRF-16","STANDARD","6029-1","SO","40.00","1049.60","USD","SC0000199209-02","2024-11-12","19920921","","","","",""
"2024-11-11","3950","NJ","GS694MDF-16","STANDARD","3950-1","SO","10.00","192.00","USD","NJ0000199216-01","2024-11-12","19921611","","","","",""
"2024-11-11","3950","NJ","BB458PRF-16","STANDARD","3950-1","SO","5.00","108.00","USD","NJ0000199216-01","2024-11-12","19921612","","","","",""
"2024-11-11","3950","NJ","MCB512MDF-16","STANDARD","3950-1","SO","5.00","92.00","USD","NJ0000199216-01","2024-11-12","19921613","","","","",""
"2024-11-11","3950","NJ","MCS1PRF-16","STANDARD","3950-1","SO","3.00","18.24","USD","NJ0000199216-01","2024-11-12","19921614","","","","",""
"2024-11-11","3950","NJ","MCC212PRF-16","STANDARD","3950-1","SO","10.00","144.00","USD","NJ0000199216-01","2024-11-12","19921615","","","","",""
"2024-11-11","3950","NJ","STEP7PRF-16","STANDARD","3950-1","SO","8.00","262.40","USD","NJ0000199216-01","2024-11-12","19921616","","","","",""
"2024-11-11","3680","NJ","LTX5410PRF-16","PICKUP","3680-5","SO","1.00","56.00","USD","NJ0000199219-01","2024-11-12","19921911","","","","",""
"2024-11-11","4145","NJ","BB514FLX-8","STANDARD","4145-1","SO","8.00","114.00","USD","NJ0000199226-01","2024-11-12","19922611","","","","",""
"2024-11-11","8550","SC","SAN525PRF-16","STANDARD","8550-1","SO","22.00","440.00","USD","SC0000199246-01","2024-11-12","19924611","","","","",""
"2024-11-11","8550","SC","SAN725PRF-16","STANDARD","8550-1","SO","60.00","1488.00","USD","SC0000199246-01","2024-11-12","19924612","","","","",""
"2024-11-11","5059","NJ","DCB775PP-18","STANDARD","5059-2","SO","12.00","1296.00","USD","NJ0000199248-01","2024-11-12","19924811","","","","",""
"2024-11-11","3363","NJ","DCB8PP-18","STANDARD","3363-9","SO","25.00","2565.00","USD","NJ0000199254-01","2024-11-12","19925411","","","","",""
"2024-11-11","4608","NJ","BB514PRF-16","STANDARD","4608-1","SO","336.00","3118.08","USD","NJ0000199260-01","2024-11-12","19926011","","","","",""
"2024-11-11","3950","NJ","PL118","STANDARD","3950-1","SO","80.00","68.00","USD","NJ0000199261-01","2024-11-12","19926111","","","","",""
"2024-11-11","3950","NJ","MCBB1PRF-16","STANDARD","3950-1","SO","47.00","676.80","USD","NJ0000199261-01","2024-11-12","19926112","","","","",""
"2024-11-11","3950","NJ","MCC412WO","STANDARD","3950-1","SO","114.00","741.00","USD","NJ0000199261-01","2024-11-12","19926113","","","","",""
"2024-11-11","3950","NJ","MCC312WO","STANDARD","3950-1","SO","117.00","579.15","USD","NJ0000199261-01","2024-11-12","19926114","","","","",""
"2024-11-11","5059","NJ","WM47PVC-16","STANDARD","5059-2","SO","15.00","540.00","USD","NJ0000199276-01","2024-11-12","19927611","","","","",""
"2024-11-11","5059","NJ","D5412PVC-18","STANDARD","5059-2","SO","2.00","280.00","USD","NJ0000199276-02","2024-11-12","19927622","","","","",""
"2024-11-11","122","NJ","NCS13-06","STANDARD","122-4","SO","60.00","13500.00","USD","NJ0000199277-01","2024-11-12","19927711","","","","",""
"2024-11-11","3363","NJ","SAN414PRF-16","STANDARD","3363-9","SO","8.00","128.00","USD","NJ0000199278-01","2024-11-12","19927811","","","","",""
"2024-11-11","6043","NJ","D18WO","STANDARD","6043-1","SO","22.00","262.90","USD","NJ0000199279-01","2024-11-12","19927911","","","","",""
"2024-11-11","3363","NJ","WM163","STANDARD","3363-5","SO","48.00","57.60","USD","NJ0000199283-01","2024-11-12","19928311","","","","",""
"2024-11-11","4452","SC","14OAK","STANDARD","4452-1","SO","2.00","100.00","USD","SC0000199284-02","2024-11-12","19928421","","","","",""
"2024-11-11","272","NJ","WM618PRF-16","STANDARD","272-4","SO","18.00","302.40","USD","NJ0000199285-01","2024-11-12","19928511","","","","",""
"2024-11-11","3043","NJ","PLB8416MDF-16","PICKUP","3043-1","SO","5.00","88.00","USD","NJ0000199292-01","2024-11-12","19929211","","","","",""
"2024-11-11","6029","SC","LTX112PRF-16","STANDARD","6029-2","SO","90.00","2851.20","USD","SC0000199299-01","2024-11-12","19929912","","","","",""
"2024-11-11","6029","SC","LTX16PRF-16","STANDARD","6029-2","SO","160.00","2406.40","USD","SC0000199299-01","2024-11-12","19929913","","","","",""
"2024-11-11","6029","SC","LTX18PRF-16","STANDARD","6029-2","SO","100.00","2048.00","USD","SC0000199299-01","2024-11-12","19929914","","","","",""
"2024-11-11","6029","SC","D110","STANDARD","6029-2","SO","160.00","536.00","USD","SC0000199299-02","2024-11-12","19929921","","","","",""
"2024-11-11","8420","SC","SHIP10MDF-16","STANDARD","8420-1","SO","18.00","590.40","USD","SC0000199307-01","2024-11-12","19930711","","","","",""
"2024-11-11","3865","NJ","S21","STANDARD","3865-25","SO","8.00","26.88","USD","NJ0000199308-01","2024-11-12","19930811","","","","",""
"2024-11-11","71","NJ","LTX5412PRF-16","STANDARD","71-1","SO","6.00","293.76","USD","NJ0000199320-01","2024-11-12","19932011","","","","",""
"2024-11-11","71","NJ","LTX13PRF-16","STANDARD","71-1","SO","12.00","67.20","USD","NJ0000199320-01","2024-11-12","19932016","","","","",""
"2024-11-11","71","NJ","LTX14PRF-16","STANDARD","71-1","SO","120.00","1036.80","USD","NJ0000199320-02","2024-11-12","19932022","","","","",""
"2024-11-11","71","NJ","LTX16PRF-16","STANDARD","71-1","SO","80.00","1126.40","USD","NJ0000199320-02","2024-11-12","19932023","","","","",""
"2024-11-11","71","NJ","LTX110PRF-16","STANDARD","71-1","SO","40.00","979.20","USD","NJ0000199320-02","2024-11-12","19932024","","","","",""
"2024-11-11","71","NJ","LTX112PRF-16","STANDARD","71-1","SO","30.00","888.00","USD","NJ0000199320-02","2024-11-12","19932025","","","","",""
"2024-11-11","4352","NJ","12BIR","STANDARD","4352-1","SO","12.00","300.00","USD","NJ0000199322-01","2024-11-12","19932211","","","","",""
"2024-11-11","321","NJ","MCOV5PRF-16","STANDARD","321-2","SO","1.00","31.20","USD","NJ0000199324-01","2024-11-12","19932411","","","","",""
"2024-11-11","6003","NJ","GSC512MDF-16","STANDARD","6003-3","SO","14.00","537.60","USD","NJ0000199327-01","2024-11-12","19932711","","","","",""
"2024-11-11","6003","NJ","WM163PRF-16","STANDARD","6003-1","SO","50.00","320.00","USD","NJ0000199329-01","2024-11-12","19932911","","","","",""
"2024-11-11","6003","NJ","8422PRF-16","STANDARD","6003-3","SO","50.00","160.00","USD","NJ0000199330-01","2024-11-12","19933011","","","","",""
"2024-11-11","71","NJ","LK4PRF-16","STANDARD","71-1","SO","10.00","360.00","USD","NJ0000199331-01","2024-11-12","19933111","","","","",""
"2024-11-11","8545","SC","WP858PRF-16","STANDARD","8545-1","SO","29.00","157.76","USD","SC0000199337-01","2024-11-12","19933711","","","","",""
"2024-11-11","6023","SC","D14WO","STANDARD","6023-1","SO","205.00","1219.75","USD","SC0000199341-01","2024-11-12","19934111","","","","",""
"2024-11-11","3992","NJ","34BIR","STANDARD","3992-1","SO","50.00","1650.00","USD","NJ0000199343-01","2024-11-12","19934311","","","","",""
"2024-11-11","9497","NJ","LWM204PRF-16","STANDARD","9497-1","SO","7.00","128.80","USD","NJ0000199346-01","2024-11-12","19934611","","","","",""
"2024-11-11","9497","NJ","PL378MDF-16","STANDARD","9497-1","SO","36.00","691.20","USD","NJ0000199346-01","2024-11-12","19934612","","","","",""
"2024-11-11","9497","NJ","PLB8MDF-16","STANDARD","9497-1","SO","36.00","1324.80","USD","NJ0000199346-01","2024-11-12","19934613","","","","",""
"2024-11-11","4002","NJ","L8746","STANDARD","4002-1","SO","32.00","112.00","USD","NJ0000199360-01","2024-11-12","19936011","","","","",""
"2024-11-11","4002","NJ","A8090","STANDARD","4002-1","SO","150.00","75.00","USD","NJ0000199360-01","2024-11-12","19936012","","","","",""
"2024-11-11","4002","NJ","L8013PRF-16","STANDARD","4002-1","SO","6.00","91.20","USD","NJ0000199360-01","2024-11-12","19936013","","","","",""
"2024-11-11","4002","NJ","L8009PRF-16","STANDARD","4002-1","SO","16.00","217.60","USD","NJ0000199360-01","2024-11-12","19936014","","","","",""
"2024-11-11","4002","NJ","FS312PRF-16","STANDARD","4002-1","SO","4.00","108.80","USD","NJ0000199361-01","2024-11-12","19936111","","","","",""
"2024-11-11","3043","NJ","38BP","PICKUP","3043-1","SO","108.00","2964.60","USD","NJ0000199362-01","2024-11-12","19936211","","","","",""
"2024-11-11","3043","NJ","8416PRF-16","PICKUP","3043-1","SO","64.00","471.04","USD","NJ0000199362-01","2024-11-12","19936212","","","","",""
"2024-11-11","3043","NJ","WM230","PICKUP","3043-1","SO","160.00","312.00","USD","NJ0000199363-01","2024-11-12","19936311","","","","",""
"2024-11-11","3043","NJ","WM231","PICKUP","3043-1","SO","310.00","604.50","USD","NJ0000199363-01","2024-11-12","19936312","","","","",""
"2024-11-11","9435","NJ","B8712PRF-16","STANDARD","9435-1","SO","100.00","768.00","USD","NJ0000199364-01","2024-11-12","19936411","","","","",""
"2024-11-11","9435","NJ","BB514PRF-16","STANDARD","9435-1","SO","80.00","960.00","USD","NJ0000199364-01","2024-11-12","19936412","","","","",""
"2024-11-11","9435","NJ","D8090PRF-16","STANDARD","9435-1","SO","30.00","153.60","USD","NJ0000199364-01","2024-11-12","19936413","","","","",""
"2024-11-11","9435","NJ","L8065PRF-16","STANDARD","9435-1","SO","40.00","153.60","USD","NJ0000199364-01","2024-11-12","19936414","","","","",""
"2024-11-11","9435","NJ","N8753PRF-16","STANDARD","9435-1","SO","12.00","72.96","USD","NJ0000199364-01","2024-11-12","19936415","","","","",""
"2024-11-11","9435","NJ","WM376PRF-16","STANDARD","9435-1","SO","12.00","72.96","USD","NJ0000199364-01","2024-11-12","19936416","","","","",""
"2024-11-11","9435","NJ","8052PRF-16","STANDARD","9435-1","SO","80.00","384.00","USD","NJ0000199364-01","2024-11-12","19936417","","","","",""
"2024-11-11","9435","NJ","WM163PRF-16","STANDARD","9435-1","SO","25.00","184.00","USD","NJ0000199364-01","2024-11-12","19936418","","","","",""
"2024-11-11","9435","NJ","NY109","STANDARD","9435-1","SO","320.00","464.00","USD","NJ0000199364-01","2024-11-12","19936419","","","","",""
"2024-11-11","9435","NJ","8064","STANDARD","9435-1","SO","651.00","423.15","USD","NJ0000199364-01","2024-11-12","199364110","","","","",""
"2024-11-11","9435","NJ","D2PRF-16","STANDARD","9435-1","SO","24.00","230.40","USD","NJ0000199364-01","2024-11-12","199364111","","","","",""
"2024-11-11","9435","NJ","SILLNYOAK","STANDARD","9435-1","SO","10.00","149.50","USD","NJ0000199364-01","2024-11-12","199364112","","","","",""
"2024-11-11","9435","NJ","8753","STANDARD","9435-1","SO","195.00","390.00","USD","NJ0000199364-01","2024-11-12","199364113","","","","",""
"2024-11-11","8497","SC","34BIR","STANDARD","8497-3","SO","52.00","1716.00","USD","SC0000199367-01","2024-11-12","19936711","","","","",""
"2024-11-11","4471","SC","NCS18-04","STANDARD","4471-1","SO","140.00","32200.00","USD","SC0000199368-01","2024-11-12","19936811","","","","",""
"2024-11-11","4471","SC","NCS18-04","STANDARD","4471-1","SO","20.00","4600.00","USD","SC0000199368-01","2024-11-12","19936812","","","","",""
"2024-11-11","4547","NJ","BB514PRF-8","STANDARD","4547-1","SO","120.00","720.00","USD","NJ0000199373-01","2024-11-12","19937311","","","","",""
"2024-11-11","4547","NJ","SAD6OAK","STANDARD","4547-1","SO","48.00","132.00","USD","NJ0000199373-01","2024-11-12","19937314","","","","",""
"2024-11-11","4547","NJ","L8065PRF-8","STANDARD","4547-1","SO","80.00","153.60","USD","NJ0000199373-01","2024-11-12","19937315","","","","",""
"2024-11-11","4547","NJ","WP856PRF-7","STANDARD","4547-1","SO","24.00","53.76","USD","NJ0000199373-01","2024-11-12","19937316","","","","",""
"2024-11-11","4547","NJ","34MEL12-8","STANDARD","4547-1","SO","6.00","96.00","USD","NJ0000199373-01","2024-11-12","19937317","","","","",""
"2024-11-11","9856","NJ","BB458PRF-16","STANDARD","9856-4","SO","2.00","48.00","USD","NJ0000199375-01","2024-11-12","19937511","","","","",""
"2024-11-11","3663","NJ","LTX13PRF-16","STANDARD","3663-11","SO","160.00","1382.40","USD","NJ0000199382-02","2024-11-12","19938222","","","","",""
"2024-11-11","3663","NJ","LTX15PRF-16","STANDARD","3663-11","SO","270.00","3672.00","USD","NJ0000199382-02","2024-11-12","19938223","","","","",""
"2024-11-11","4378","SC","SILL7118PVC-16","STANDARD","4378-8","SO","1.00","36.00","USD","SC0000199384-01","2024-11-12","19938411","","","","",""
"2024-11-11","5842","NJ","SBC514PRF-16","STANDARD","5842-2","SO","3.00","93.60","USD","NJ0000199390-01","2024-11-12","19939011","","","","",""
"2024-11-11","4352","NJ","12BIR","STANDARD","4352-1","SO","2.00","50.00","USD","NJ0000199391-01","2024-11-12","19939111","","","","",""
"2024-11-11","4525","NJ","B658","STANDARD","4525-8","SO","32.00","30.40","USD","NJ0000199394-01","2024-11-12","19939411","","","","",""
"2024-11-11","5842","NJ","WM97PRF-16","STANDARD","5842-2","SO","6.00","110.40","USD","NJ0000199395-01","2024-11-12","19939511","","","","",""
"2024-11-11","9778","NJ","B8753","STANDARD","9778-1","SO","104.00","182.00","USD","NJ0000199401-01","2024-11-12","19940111","","","","",""
"2024-11-11","5842","NJ","PL2PRF-16","STANDARD","5842-2","SO","20.00","240.00","USD","NJ0000199402-02","2024-11-12","19940221","","","","",""
"2024-11-11","3043","NJ","LTX16PRF-16","PICKUP","3043-1","SO","80.00","1203.20","USD","NJ0000199403-01","2024-11-12","19940311","","","","",""
"2024-11-11","3043","NJ","LTX18PRF-16","PICKUP","3043-1","SO","50.00","1024.00","USD","NJ0000199403-01","2024-11-12","19940312","","","","",""
"2024-11-11","3043","NJ","F8913","PICKUP","3043-1","SO","188.00","330.88","USD","NJ0000199403-01","2024-11-12","19940313","","","","",""
"2024-11-11","3043","NJ","BS134MDF-16","PICKUP","3043-1","SO","16.00","153.60","USD","NJ0000199403-01","2024-11-12","19940314","","","","",""
"2024-11-11","5059","NJ","14PVC","STANDARD","5059-2","SO","1.00","70.00","USD","NJ0000199404-01","2024-11-12","19940411","","","","",""
"2024-11-11","8450","SC","LTX544PRF-16","STANDARD","8450-1","SO","30.00","518.40","USD","SC0000199410-01","2024-11-12","19941011","","","","",""
"2024-11-11","3363","NJ","L723PRF-16","STANDARD","3363-1","SO","2.00","16.00","USD","NJ0000199413-01","2024-11-12","19941311","","","","",""
"2024-11-11","325","NJ","D14OAK","STANDARD","325-1","SO","30.00","75.00","USD","NJ0000199416-01","2024-11-12","19941611","","","","",""
"2024-11-11","6037","SC","WM376PRF-16","STANDARD","6037-1","SO","4.00","32.00","USD","SC0000199417-01","2024-11-12","19941711","","","","",""
"2024-11-11","6037","SC","ES7PRF-16","STANDARD","6037-1","SO","4.00","92.80","USD","SC0000199417-01","2024-11-12","19941712","","","","",""
"2024-11-11","562","NJ","WP858PRF-16","STANDARD","562-1","SO","9.00","48.96","USD","NJ0000199418-01","2024-11-12","19941811","","","","",""
"2024-11-11","883","NJ","SAN525PRF-16","STANDARD","883-1","SO","9.00","180.00","USD","NJ0000199425-01","2024-11-12","19942511","","","","",""
"2024-11-11","8419","SC","LTX14PRF-17","STANDARD","8419-1","SO","10.00","139.40","USD","SC0000199426-01","2024-11-12","19942611","","","","",""
"2024-11-11","3663","NJ","MCB712MDF-16","STANDARD","3663-11","SO","8.00","192.00","USD","NJ0000199427-01","2024-11-12","19942711","","","","",""
"2024-11-11","6026","SC","34MEL4X8","STANDARD","6026-1","SO","2.00","72.00","USD","SC0000199431-01","2024-11-12","19943111","","","","",""
"2024-11-11","3676","NJ","C8712PRF-16","STANDARD","3676-9","SO","4.00","37.12","USD","NJ0000199435-01","2024-11-12","19943511","","","","",""
"2024-11-11","3676","NJ","N8753PRF-7","STANDARD","3676-9","SO","11.00","37.95","USD","NJ0000199435-01","2024-11-12","19943512","","","","",""
"2024-11-11","8403","SC","ES15PRF-16","STANDARD","8403-1","SO","4.00","54.40","USD","SC0000199437-01","2024-11-12","19943711","","","","",""
"2024-11-11","6035","SC","PVCGLUE","STANDARD","6035-1","SO","3.00","36.00","USD","SC0000199438-01","2024-11-12","19943812","","","","",""
"2024-11-11","6035","SC","NCS13-07","STANDARD","6035-1","SO","40.00","10000.00","USD","SC0000199438-02","2024-11-12","19943821","","","","",""
"2024-11-11","4346","SC","LK4PRF-16","STANDARD","4346-13","SO","45.00","1440.00","USD","SC0000199440-01","2024-11-12","19944011","","","","",""
"2024-11-11","3096","SC","WM81","STANDARD","3096-127","SO","24.00","64.80","USD","SC0000199442-01","2024-11-12","19944211","","","","",""
"2024-11-11","474","NJ","54MDF","PICKUP","474-1","SO","12.00","1020.00","USD","NJ0000199444-01","2024-11-12","19944411","","","","",""
"2024-11-11","3363","NJ","SAN525PRF-16","STANDARD","3363-5","SO","4.00","67.20","USD","NJ0000199446-01","2024-11-12","19944611","","","","",""
"2024-11-11","4252","NJ","NCS18-08","STANDARD","4252-6","SO","41.00","9840.00","USD","NJ0000199449-01","2024-11-12","19944911","","","","",""
"2024-11-11","8471","SC","WM97PRF-16","STANDARD","8471-1","SO","25.00","580.00","USD","SC0000199454-01","2024-11-12","19945411","","","","",""
"2024-11-11","3663","NJ","WM887PRF-16","PICKUP","3663-9","SO","70.00","380.80","USD","NJ0000199455-01","2024-11-12","19945511","","","","",""
"2024-11-11","3663","NJ","MCAP34PRF-16","PICKUP","3663-9","SO","14.00","156.80","USD","NJ0000199455-01","2024-11-12","19945512","","","","",""
"2024-11-11","3363","NJ","LWM49PRF-16","STANDARD","3363-9","SO","20.00","208.00","USD","NJ0000199459-01","2024-11-12","19945911","","","","",""
"2024-11-11","3363","NJ","BB514PRF-16","STANDARD","3363-9","SO","16.00","192.00","USD","NJ0000199459-01","2024-11-12","19945912","","","","",""
"2024-11-11","3363","NJ","8753PRF-16","STANDARD","3363-9","SO","12.00","76.80","USD","NJ0000199459-01","2024-11-12","19945913","","","","",""
"2024-11-11","3363","NJ","WM53PRF-16","STANDARD","3363-9","SO","12.00","86.40","USD","NJ0000199459-01","2024-11-12","19945914","","","","",""
"2024-11-11","3363","NJ","F8913","STANDARD","3363-9","SO","196.00","309.68","USD","NJ0000199459-01","2024-11-12","19945915","","","","",""
"2024-11-11","3363","NJ","8746PRF-16","STANDARD","3363-9","SO","10.00","212.80","USD","NJ0000199459-01","2024-11-12","19945916","","","","",""
"2024-11-11","3363","NJ","HB158OAK","STANDARD","3363-9","SO","130.00","161.20","USD","NJ0000199459-01","2024-11-12","19945917","","","","",""
"2024-11-11","8407","SC","34MDF10","STANDARD","8407-4","SO","3.00","225.00","USD","SC0000199460-01","2024-11-12","19946011","","","","",""
"2024-11-11","3363","NJ","L8753PRF-16","STANDARD","3363-7","SO","30.00","278.40","USD","NJ0000199462-01","2024-11-12","19946211","","","","",""
"2024-11-11","3363","NJ","BB514PRF-16","STANDARD","3363-1","SO","32.00","384.00","USD","NJ0000199464-01","2024-11-12","19946411","","","","",""
"2024-11-11","3363","NJ","8753PRF-16","STANDARD","3363-1","SO","24.00","153.60","USD","NJ0000199464-01","2024-11-12","19946412","","","","",""
"2024-11-11","3363","NJ","B8712PRF-16","STANDARD","3363-1","SO","20.00","153.60","USD","NJ0000199464-01","2024-11-12","19946413","","","","",""
"2024-11-11","3363","NJ","MCS1PRF-16","STANDARD","3363-1","SO","20.00","121.60","USD","NJ0000199464-01","2024-11-12","19946414","","","","",""
"2024-11-11","3363","NJ","L8200","STANDARD","3363-1","SO","160.00","172.80","USD","NJ0000199464-01","2024-11-12","19946415","","","","",""
"2024-11-11","3363","NJ","BB7PRF-16","STANDARD","3363-5","SO","2.00","68.48","USD","NJ0000199466-01","2024-11-12","19946611","","","","",""
"2024-11-11","8450","SC","BDBCAPPRF-16","STANDARD","8450-1","SO","30.00","172.80","USD","SC0000199467-01","2024-11-12","19946711","","","","",""
"2024-11-11","6030","SC","DC450PP-18","STANDARD","6030-1","SO","104.00","7207.20","USD","SC0000199469-01","2024-11-12","19946911","","","","",""
"2024-11-11","6030","SC","MCR714PRF-16","STANDARD","6030-1","SO","18.00","936.00","USD","SC0000199469-01","2024-11-12","19946912","","","","",""
"2024-11-11","6030","SC","DCB714PP-18","STANDARD","6030-1","SO","60.00","5292.00","USD","SC0000199469-01","2024-11-12","19946913","","","","",""
"2024-11-11","6030","SC","D13WO","STANDARD","6030-1","SO","60.00","237.00","USD","SC0000199469-01","2024-11-12","19946918","","","","",""
"2024-11-11","6030","SC","D112WO","STANDARD","6030-1","SO","49.00","1078.00","USD","SC0000199469-01","2024-11-12","19946919","","","","",""
"2024-11-11","6030","SC","LTX112PRF-16","STANDARD","6030-1","SO","30.00","1046.40","USD","SC0000199469-02","2024-11-12","19946927","","","","",""
"2024-11-11","6030","SC","LTX13PRF-16","STANDARD","6030-1","SO","10.00","144.00","USD","SC0000199469-03","2024-11-12","19946934","","","","",""
"2024-11-11","6030","SC","LTX14PRF-16","STANDARD","6030-1","SO","45.00","417.60","USD","SC0000199469-03","2024-11-12","19946935","","","","",""
"2024-11-11","6030","SC","LTX18PRF-16","STANDARD","6030-1","SO","10.00","204.80","USD","SC0000199469-03","2024-11-12","19946936","","","","",""
"2024-11-11","3663","NJ","WM93OAK","PICKUP","3663-2","SO","32.00","27.20","USD","NJ0000199471-01","2024-11-12","19947111","","","","",""
"2024-11-11","3676","NJ","WM97PRF-16","PICKUP","3676-10","SO","20.00","464.00","USD","NJ0000199473-01","2024-11-12","19947311","","","","",""
"2024-11-11","3676","NJ","LK3MDF-16","PICKUP","3676-10","SO","25.00","460.00","USD","NJ0000199473-01","2024-11-12","19947312","","","","",""
"2024-11-11","3663","NJ","MCBB1PRF-16","PICKUP","3663-2","SO","1.00","14.40","USD","NJ0000199476-01","2024-11-12","19947611","","","","",""
"2024-11-11","4418","SC","BB518PRF-16","STANDARD","4418-2","SO","9.00","198.72","USD","SC0000199479-01","2024-11-12","19947911","","","","",""
"2024-11-11","8476","SC","D112POP","STANDARD","8476-1","SO","24.00","150.00","USD","SC0000199481-01","2024-11-12","19948111","","","","",""
"2024-11-11","9856","NJ","12AC","STANDARD","9856-4","SO","80.00","2757.60","USD","NJ0000199485-01","2024-11-12","19948511","","","","",""
"2024-11-11","321","NJ","UC41PRF-16","STANDARD","321-2","SO","3.00","72.00","USD","NJ0000199490-01","2024-11-12","19949011","","","","",""
"2024-11-11","321","NJ","C8712PRF-16","STANDARD","321-2","SO","3.00","33.60","USD","NJ0000199490-01","2024-11-12","19949012","","","","",""
"2024-11-11","321","NJ","BB6PRF-16","STANDARD","321-2","SO","15.00","540.00","USD","NJ0000199490-01","2024-11-12","19949013","","","","",""
"2024-11-11","321","NJ","ES2PRF-16","STANDARD","321-2","SO","12.00","278.40","USD","NJ0000199490-01","2024-11-12","19949014","","","","",""
"2024-11-11","3076","SC","PLB8MDF-16","STANDARD","3076-67","SO","2.00","80.00","USD","SC0000199495-01","2024-11-12","19949511","","","","",""
"2024-11-11","3076","SC","8423PRF-16","STANDARD","3076-67","SO","2.00","8.96","USD","SC0000199495-01","2024-11-12","19949512","","","","",""
"2024-11-11","3076","SC","GS434MDF-16","STANDARD","3076-67","SO","2.00","56.00","USD","SC0000199495-01","2024-11-12","19949513","","","","",""
"2024-11-11","3076","SC","DCR725PP-18","STANDARD","3076-67","SO","2.00","270.00","USD","SC0000199495-01","2024-11-12","19949514","","","","",""
"2024-11-11","4471","SC","MCS1PRF-16","STANDARD","4471-1","SO","70.00","470.40","USD","SC0000199497-01","2024-11-12","19949711","","","","",""
"2024-11-11","147","SC","D846SAP","STANDARD","147-1","SO","10.00","130.00","USD","SC0000199502-01","2024-11-12","19950211","","","","",""
"2024-11-11","3363","NJ","BC5PRF-16","STANDARD","3363-5","SO","9.00","375.84","USD","NJ0000199505-01","2024-11-12","19950511","","","","",""
"2024-11-11","535","NJ","38MDF","STANDARD","535-1","SO","2.00","68.00","USD","NJ0000199507-01","2024-11-12","19950711","","","","",""
"2024-11-11","8450","SC","8417","STANDARD","8450-2","SO","488.00","1000.40","USD","SC0000199510-01","2024-11-12","19951011","","","","",""
"2024-11-11","8488","SC","8200PRF-16","STANDARD","8488-2","SO","11.00","176.00","USD","SC0000199515-01","2024-11-12","19951511","","","","",""
"2024-11-11","535","NJ","LWM412PRF-16","STANDARD","535-1","SO","30.00","456.00","USD","NJ0000199519-01","2024-11-12","19951911","","","","",""
"2024-11-11","147","SC","L8422PRF-16","STANDARD","147-1","SO","100.00","288.00","USD","SC0000199523-01","2024-11-12","19952311","","","","",""
"2024-11-11","147","SC","L8065PRF-16","STANDARD","147-1","SO","200.00","768.00","USD","SC0000199523-01","2024-11-12","19952312","","","","",""
"2024-11-11","9504","NJ","WM444PRF-16","STANDARD","9504-1","SO","1.00","11.20","USD","NJ0000199537-01","2024-11-12","19953711","","","","",""
"2024-11-11","8450","SC","8080","STANDARD","8450-1","SO","929.00","1579.30","USD","SC0000199542-01","2024-11-12","19954212","","","","",""
"2024-11-11","8450","SC","LTX5410PRF-16","STANDARD","8450-1","SO","2.00","112.00","USD","SC0000199542-02","2024-11-12","19954221","","","","",""
"2024-11-11","8532","SC","ECB4PRF-16","STANDARD","8532-1","SO","2.00","32.00","USD","SC0000199543-01","2024-11-12","19954311","","","","",""
"2024-11-11","3676","NJ","LK3PRF-16","STANDARD","3676-9","SO","1.00","23.20","USD","NJ0000199544-01","2024-11-12","19954411","","","","",""
"2024-11-11","8532","SC","34BIR","STANDARD","8532-1","SO","52.00","1716.00","USD","SC0000199546-01","2024-11-12","19954611","","","","",""
"2024-11-11","4455","NJ","D110CH","STANDARD","4455-1","SO","18.00","153.00","USD","NJ0000199548-01","2024-11-12","19954811","","","","",""
"2024-11-11","6019","NJ","E8090PRF-16","STANDARD","6019-1","SO","38.00","255.36","USD","NJ0000199565-01","2024-11-12","19956511","","","","",""
"2024-11-11","6019","NJ","BDB35PRF-16","STANDARD","6019-1","SO","38.00","760.00","USD","NJ0000199565-01","2024-11-12","19956512","","","","",""
"2024-11-11","6019","NJ","WEL334","STANDARD","6019-1","SO","12.00","35.40","USD","NJ0000199565-01","2024-11-12","19956513","","","","",""
"2024-11-11","6019","NJ","D3PRF-16","STANDARD","6019-1","SO","12.00","144.00","USD","NJ0000199565-01","2024-11-12","19956514","","","","",""
"2024-11-11","6019","NJ","SAD4OAK","STANDARD","6019-1","SO","90.00","225.00","USD","NJ0000199565-01","2024-11-12","19956515","","","","",""
"2024-11-11","6037","SC","8077","STANDARD","6037-1","SO","64.00","32.00","USD","SC0000199570-01","2024-11-12","19957011","","","","",""
"2024-11-11","3663","NJ","MCAP34PRF-16","PICKUP","3663-9","SO","14.00","156.80","USD","NJ0000199574-01","2024-11-12","19957411","","","","",""
"2024-11-11","6035","SC","D4PRF-16","STANDARD","6035-1","SO","13.00","260.00","USD","SC0000199575-01","2024-11-12","19957511","","","","",""
"2024-11-11","6035","SC","8575","STANDARD","6035-1","SO","16.00","7.20","USD","SC0000199575-01","2024-11-12","19957512","","","","",""
"2024-11-11","6035","SC","8576","STANDARD","6035-1","SO","16.00","10.40","USD","SC0000199575-01","2024-11-12","19957513","","","","",""
"2024-11-11","6035","SC","B658","STANDARD","6035-1","SO","20.00","19.00","USD","SC0000199575-01","2024-11-12","19957514","","","","",""
"2024-11-11","8542","SC","D18","STANDARD","8542-1","SO","502.00","1179.70","USD","SC0000199577-01","2024-11-12","19957711","","","","",""
"2024-11-11","3043","NJ","L8753","PICKUP","3043-1","SO","132.00","356.40","USD","NJ0000199585-01","2024-11-12","19958511","","","","",""
"2024-11-11","3663","NJ","D112","PICKUP","3663-2","SO","48.00","216.00","USD","NJ0000199587-02","2024-11-12","19958721","","","","",""
"2024-11-11","3663","NJ","D110","PICKUP","3663-2","SO","386.00","1293.10","USD","NJ0000199587-02","2024-11-12","19958722","","","","",""
"2024-11-11","3676","NJ","8575","STANDARD","3676-5","SO","208.00","74.88","USD","NJ0000199589-01","2024-11-12","19958911","","","","",""
"2024-11-11","3676","NJ","L8202","STANDARD","3676-5","SO","208.00","203.84","USD","NJ0000199589-01","2024-11-12","19958912","","","","",""
"2024-11-11","3676","NJ","PL78","STANDARD","3676-5","SO","304.00","142.88","USD","NJ0000199589-01","2024-11-12","19958913","","","","",""
"2024-11-11","3676","NJ","8313","STANDARD","3676-5","SO","300.00","240.00","USD","NJ0000199589-01","2024-11-12","19958914","","","","",""
"2024-11-11","3676","NJ","B8121","STANDARD","3676-5","SO","208.00","224.64","USD","NJ0000199589-01","2024-11-12","19958915","","","","",""
"2024-11-11","3676","NJ","8904","STANDARD","3676-5","SO","208.00","139.36","USD","NJ0000199589-01","2024-11-12","19958916","","","","",""
"2024-11-11","3676","NJ","8610","STANDARD","3676-5","SO","210.00","65.10","USD","NJ0000199589-01","2024-11-12","19958917","","","","",""
"2024-11-11","3676","NJ","8063","STANDARD","3676-5","SO","208.00","83.20","USD","NJ0000199589-01","2024-11-12","19958918","","","","",""
"2024-11-11","3676","NJ","WP101","STANDARD","3676-5","SO","208.00","83.20","USD","NJ0000199589-01","2024-11-12","19958919","","","","",""
"2024-11-11","3676","NJ","8052","STANDARD","3676-5","SO","208.00","97.76","USD","NJ0000199589-01","2024-11-12","199589110","","","","",""
"2024-11-11","562","NJ","8026","STANDARD","562-1","SO","60.00","132.00","USD","NJ0000199594-01","2024-11-12","19959411","","","","",""
"2024-11-11","8414","SC","14AC","STANDARD","8414-1","SO","40.00","960.00","USD","SC0000199596-01","2024-11-12","19959611","","","","",""
"2024-11-11","4378","SC","EBV6YP","STANDARD","4378-8","SO","1608.00","2331.60","USD","SC0000199602-02","2024-11-12","19960221","","","","",""
"2024-11-11","4378","SC","EBV6YP","STANDARD","4378-8","SO","2016.00","2923.20","USD","SC0000199602-02","2024-11-12","19960222","","","","",""
"2024-11-11","4378","SC","SILL7118PVC-16","STANDARD","4378-8","SO","10.00","360.00","USD","SC0000199602-02","2024-11-12","19960223","","","","",""
"2024-11-11","4145","NJ","B8712PRF-16","STANDARD","4145-1","SO","10.00","96.00","USD","NJ0000199603-01","2024-11-12","19960311","","","","",""
"2024-11-11","321","NJ","PLB612MDF-16","STANDARD","321-2","SO","4.00","99.20","USD","NJ0000199606-01","2024-11-12","19960611","","","","",""
"2024-11-11","3076","SC","GS419MDF-16","STANDARD","3076-64","SO","255.00","7140.00","USD","SC0000199607-01","2024-11-12","19960711","","","","",""
"2024-11-11","3076","SC","BB714MDF-16","STANDARD","3076-64","SO","88.00","1900.80","USD","SC0000199607-01","2024-11-12","19960712","","","","",""
"2024-11-11","3076","SC","JL658PRF-8NL","STANDARD","3076-64","SO","9.00","162.00","USD","SC0000199607-01","2024-11-12","19960713","","","","",""
"2024-11-11","4525","NJ","14MDF","STANDARD","4525-8","SO","1.00","24.00","USD","NJ0000199609-01","2024-11-12","19960911","","","","",""
"2024-11-11","3096","SC","MCC312MDF-16","STANDARD","3096-133","SO","1.00","12.80","USD","SC0000199611-01","2024-11-12","19961111","","","","",""
"2024-11-11","9801","NJ","W314PRF-16","STANDARD","9801-5","CM","-1.00","-11.20","USD","NJ0000199613-01","2024-11-12","19961311","","","","",""
"2024-11-11","9593","NJ","BDB35PRF-16","STANDARD","9593-1","SO","1.00","20.00","USD","NJ0000199619-01","2024-11-12","19961911","","","","",""
"2024-11-11","3096","NJ","WM445PRF-16","STANDARD","3096-98","SO","8.00","76.80","USD","NJ0000199620-01","2024-11-12","19962011","","","","",""
"2024-11-11","8618","SC","L8753PRF-16","STANDARD","8618-1","SO","4.00","44.80","USD","SC0000199621-01","2024-11-12","19962111","","","","",""
"2024-11-11","8614","SC","WM180PVC-17","STANDARD","8614-1","SO","10.00","263.50","USD","SC0000199625-01","2024-11-12","19962511","","","","",""
"2024-11-11","8614","SC","L8065PRF-16","STANDARD","8614-1","SO","80.00","307.20","USD","SC0000199625-01","2024-11-12","19962513","","","","",""
"2024-11-11","8614","SC","D14PVCW-18","STANDARD","8614-1","SO","10.00","260.00","USD","SC0000199625-01","2024-11-12","19962514","","","","",""
"2024-11-11","8614","SC","M8753","STANDARD","8614-1","SO","501.00","541.08","USD","SC0000199625-01","2024-11-12","19962515","","","","",""
"2024-11-11","8614","SC","LTX16PRF-16","STANDARD","8614-1","SO","80.00","1203.20","USD","SC0000199625-02","2024-11-12","19962522","","","","",""
"2024-11-11","8440","SC","D16POP","STANDARD","8440-1","SO","200.00","376.00","USD","SC0000199630-01","2024-11-12","19963014","","","","",""
"2024-11-11","8440","SC","L8065PRF-16","STANDARD","8440-1","SO","1440.00","3686.40","USD","SC0000199630-02","2024-11-12","19963026","","","","",""
"2024-11-11","8440","SC","L8422PRF-16","STANDARD","8440-1","SO","1800.00","3456.00","USD","SC0000199630-02","2024-11-12","19963027","","","","",""
"2024-11-11","8440","SC","XLP18PRF-16","STANDARD","8440-1","SO","20.00","576.00","USD","SC0000199630-03","2024-11-12","19963032","","","","",""
"2024-11-11","8440","SC","LTX18PRF-16","STANDARD","8440-1","SO","50.00","1024.00","USD","SC0000199630-04","2024-11-12","19963041","","","","",""
"2024-11-11","8440","SC","LTX546PRF-16","STANDARD","8440-1","SO","48.00","1182.72","USD","SC0000199630-04","2024-11-12","19963043","","","","",""
"2024-11-11","8440","SC","14BIR","STANDARD","8440-1","SO","100.00","1400.00","USD","SC0000199630-04","2024-11-12","19963045","","","","",""
"2024-11-11","8404","SC","DCR814PP-18","STANDARD","8404-1","SO","23.00","3312.00","USD","SC0000199633-01","2024-11-12","19963311","","","","",""
"2024-11-11","6037","SC","BDBCAPPRF-16","STANDARD","6037-1","SO","1.00","6.40","USD","SC0000199637-01","2024-11-12","19963711","","","","",""
"2024-11-11","6037","SC","ES15PRF-16","STANDARD","6037-1","SO","1.00","13.60","USD","SC0000199637-01","2024-11-12","19963712","","","","",""
"2024-11-11","6037","SC","MCOV5PRF-16","STANDARD","6037-1","SO","1.00","31.20","USD","SC0000199637-01","2024-11-12","19963713","","","","",""
"2024-11-11","6037","SC","DCAS5PP-18","STANDARD","6037-1","SO","1.00","99.00","USD","SC0000199637-01","2024-11-12","19963714","","","","",""
"2024-11-11","3663","NJ","LWM432PRF-16","PICKUP","3663-2","SO","2.00","20.16","USD","NJ0000199644-01","2024-11-12","19964411","","","","",""
"2024-11-11","9856","NJ","STEP35PRF-16","STANDARD","9856-4","SO","24.00","480.00","USD","NJ0000199650-01","2024-11-12","19965011","","","","",""
"2024-11-11","9435","NJ","LWM49MDF-16","STANDARD","9435-1","SO","12.00","134.40","USD","NJ0000199659-01","2024-11-12","19965911","","","","",""
"2024-11-11","9435","NJ","8027MDF-16","STANDARD","9435-1","SO","8.00","128.00","USD","NJ0000199659-01","2024-11-12","19965912","","","","",""
"2024-11-11","4557","NJ","WM163PRF-16","STANDARD","4557-1","CM","-884.00","-3960.32","USD","NJ0000199666-01","2024-11-12","19966611","","","","",""
"2024-11-11","4557","NJ","WM163PRF-16","STANDARD","4557-1","CM","-16.00","-71.68","USD","NJ0000199666-01","2024-11-12","19966612","","","","",""
"2024-11-11","3363","NJ","PLB9MDF-16","STANDARD","3363-7","SO","1.00","32.64","USD","NJ0000199668-01","2024-11-12","19966811","","","","",""
"2024-11-11","4497","NJ","8422","STANDARD","4497-1","SO","800.00","520.00","USD","NJ0000199675-01","2024-11-12","19967514","","","","",""
"2024-11-11","4497","NJ","WM315","STANDARD","4497-1","SO","192.00","326.40","USD","NJ0000199675-01","2024-11-12","19967515","","","","",""
"2024-11-11","4497","NJ","WM356PRF-16","STANDARD","4497-1","SO","2.00","16.00","USD","NJ0000199675-01","2024-11-12","19967516","","","","",""
"2024-11-11","4497","NJ","8144PRF-16","STANDARD","4497-1","SO","1.00","12.00","USD","NJ0000199675-01","2024-11-12","19967517","","","","",""
"2024-11-11","4497","NJ","XLP14PRF-16","STANDARD","4497-1","SO","2.00","40.00","USD","NJ0000199675-01","2024-11-12","19967518","","","","",""
"2024-11-11","4497","NJ","LTX544PRF-16","STANDARD","4497-1","SO","72.00","1244.16","USD","NJ0000199675-02","2024-11-12","19967521","","","","",""
"2024-11-11","4497","NJ","LTX16PRF-16","STANDARD","4497-1","SO","80.00","1331.20","USD","NJ0000199675-02","2024-11-12","19967522","","","","",""
"2024-11-11","4497","NJ","LTX546PRF-16","STANDARD","4497-1","SO","48.00","1305.60","USD","NJ0000199675-02","2024-11-12","19967523","","","","",""
"2024-11-11","4378","SC","SILL7118PVC-16","PICKUP","4378-8","SO","2.00","72.00","USD","SC0000199677-01","2024-11-12","19967711","","","","",""
"2024-11-11","4656","NJ","MCR514PRF-16","PICKUP","4656-1","SO","5.00","200.00","USD","NJ0000199683-01","2024-11-12","19968311","","","","",""
"2024-11-11","8434","SC","LTX13PRF-16","STANDARD","8434-2","SO","22.00","316.80","USD","SC0000199685-01","2024-11-12","19968511","","","","",""
"2024-11-11","8434","SC","LTX12PRF-16","STANDARD","8434-2","SO","10.00","96.00","USD","SC0000199685-01","2024-11-12","19968512","","","","",""
"2024-11-11","8538","SC","LWM49PRF-16","STANDARD","8538-1","SO","50.00","424.00","USD","SC0000199692-01","2024-11-12","19969213","","","","",""
"2024-11-11","8538","SC","LTX14PRF-16","STANDARD","8538-1","SO","120.00","1036.80","USD","SC0000199692-02","2024-11-12","19969221","","","","",""
"2024-11-11","8538","SC","LTX16PRF-16","STANDARD","8538-1","SO","80.00","1126.40","USD","SC0000199692-02","2024-11-12","19969222","","","","",""
"2024-11-11","3076","SC","SHIP8MDF-16","STANDARD","3076-55","SO","14.00","392.00","USD","SC0000199693-01","2024-11-12","19969311","","","","",""
"2024-11-11","3076","SC","SHIP10MDF-16","STANDARD","3076-55","SO","42.00","1377.60","USD","SC0000199693-01","2024-11-12","19969312","","","","",""
"2024-11-11","3096","SC","MCC375PRF-16","STANDARD","3096-127","SO","38.00","1033.60","USD","SC0000199695-01","2024-11-12","19969511","","","","",""
"2024-11-11","3694","NJ","VG6PRF-16","PICKUP","3694-7","SO","84.00","3198.72","USD","NJ0000199696-01","2024-11-12","19969611","","","","",""
"2024-11-11","3694","NJ","VG6PRF-16","PICKUP","3694-7","SO","16.00","609.28","USD","NJ0000199696-01","2024-11-12","19969612","","","","",""
"2024-11-11","8553","SC","8432PRF-16","STANDARD","8553-3","SO","40.00","179.20","USD","SC0000199699-01","2024-11-12","19969911","","","","",""
"2024-11-11","3076","SC","LTX546PRF-16","STANDARD","3076-65","SO","9.00","276.48","USD","SC0000199704-01","2024-11-12","19970411","","","","",""
"2024-11-11","400","NJ","UC31PRF-16","STANDARD","400-1","CM","-3.00","-48.00","USD","NJ0000199705-01","2024-11-12","19970511","","","","",""
"2024-11-11","8550","SC","XLP110PRF-16","STANDARD","8550-1","SO","1.00","34.40","USD","SC0000199707-01","2024-11-12","19970711","","","","",""
"2024-11-11","6024","SC","WM130FLX-D","DIRECT","6024-4","CM","-50.00","-237.50","USD","SC0000199714-01","2024-11-12","19971411","","","","",""
"2024-11-11","4327","NJ","8416PVC-16","STANDARD","4327-11","SO","7.00","140.00","USD","NJ0000199716-01","2024-11-12","19971611","","","","",""
"2024-11-11","4327","SC","D112OAK","STANDARD","4327-47","SO","9.00","68.40","USD","SC0000199717-01","2024-11-12","19971711","","","","",""
"2024-11-11","9504","NJ","S9","STANDARD","9504-1","SO","256.00","588.80","USD","NJ0000199726-01","2024-11-12","19972611","","","","",""
"2024-11-11","9504","NJ","L8940PRF-16","STANDARD","9504-1","SO","6.00","120.00","USD","NJ0000199726-01","2024-11-12","19972612","","","","",""
"2024-11-11","9504","NJ","D8090PRF-16","STANDARD","9504-1","SO","30.00","153.60","USD","NJ0000199726-01","2024-11-12","19972613","","","","",""
"2024-11-11","9504","NJ","8052PRF-16","STANDARD","9504-1","SO","40.00","192.00","USD","NJ0000199726-01","2024-11-12","19972614","","","","",""
"2024-11-11","9504","NJ","F8912","STANDARD","9504-1","SO","120.00","210.00","USD","NJ0000199726-01","2024-11-12","19972615","","","","",""
"2024-11-11","8420","SC","LWM445","STANDARD","8420-1","SO","64.00","172.80","USD","SC0000199744-01","2024-11-12","19974411","","","","",""
"2024-11-11","9485","NJ","WM81","PICKUP","9485-1","SO","104.00","280.80","USD","NJ0000199747-01","2024-11-12","19974711","","","","",""
"2024-11-11","6037","SC","PL78","STANDARD","6037-1","SO","40.00","24.00","USD","SC0000199750-01","2024-11-12","19975011","","","","",""
"2024-11-11","3076","SC","MCAP1PRF-16","STANDARD","3076-64","SO","68.00","707.20","USD","SC0000199755-01","2024-11-12","19975511","","","","",""
"2024-11-11","8532","SC","LTX110PRF-16","STANDARD","8532-1","SO","40.00","1049.60","USD","SC0000199765-01","2024-11-12","19976511","","","","",""
"2024-11-11","8532","SC","LTX14PRF-17","STANDARD","8532-1","SO","240.00","2366.40","USD","SC0000199765-01","2024-11-12","19976512","","","","",""
"2024-11-11","8532","SC","LTX16PRF-16","STANDARD","8532-1","SO","80.00","1203.20","USD","SC0000199765-01","2024-11-12","19976513","","","","",""
"2024-11-11","8532","SC","LTX18PRF-16","STANDARD","8532-1","SO","50.00","1024.00","USD","SC0000199765-01","2024-11-12","19976514","","","","",""
"2024-11-11","8532","SC","LTX112PRF-16","STANDARD","8532-1","SO","30.00","950.40","USD","SC0000199765-01","2024-11-12","19976515","","","","",""
"2024-11-11","6029","SC","D14OAK","STANDARD","6029-2","SO","147.00","367.50","USD","SC0000199767-01","2024-11-12","19976711","","","","",""
"2024-11-11","5842","NJ","8016PRF-16","STANDARD","5842-2","SO","6.00","44.16","USD","NJ0000199774-01","2024-11-12","19977411","","","","",""
"2024-11-11","699","NJ","LTX13PRF-16","STANDARD","699-1","SO","106.00","915.84","USD","NJ0000199775-01","2024-11-12","19977512","","","","",""
"2024-11-11","699","NJ","14LUAN52","STANDARD","699-1","SO","105.00","1134.00","USD","NJ0000199775-02","2024-11-12","19977521","","","","",""
"2024-11-11","3096","NJ","SB3SB-10","STANDARD","3096-58","SO","3.00","390.00","USD","NJ0000199778-01","2024-11-12","19977811","","","","",""
"2024-11-11","5842","NJ","WM97PRF-16","STANDARD","5842-2","SO","1.00","18.40","USD","NJ0000199783-01","2024-11-12","19978311","","","","",""
"2024-11-11","9593","NJ","8422OAK","STANDARD","9593-1","SO","96.00","67.20","USD","NJ0000199794-01","2024-11-12","19979411","","","","",""
"2024-11-11","9593","NJ","L8940","STANDARD","9593-1","SO","9.00","35.55","USD","NJ0000199799-01","2024-11-12","19979911","","","","",""
"2024-11-11","9593","NJ","8422PRF-16","STANDARD","9593-1","SO","50.00","160.00","USD","NJ0000199804-01","2024-11-12","19980411","","","","",""
"2024-11-11","9593","NJ","8422","STANDARD","9593-1","SO","800.00","520.00","USD","NJ0000199804-01","2024-11-12","19980412","","","","",""
"2024-11-11","9593","NJ","WM281PRF-16","STANDARD","9593-1","SO","2.00","14.72","USD","NJ0000199807-01","2024-11-12","19980711","","","","",""
"2024-11-11","9593","NJ","L8746","STANDARD","9593-1","SO","24.00","84.00","USD","NJ0000199807-01","2024-11-12","19980712","","","","",""
"2024-11-11","4327","SC","D16SAP","STANDARD","4327-43","SO","48.00","324.00","USD","SC0000199809-01","2024-11-12","19980911","","","","",""
"2024-11-11","3076","NJ","WM662PRF-16","STANDARD","3076-32","SO","5.00","46.40","USD","NJ0000199819-01","2024-11-12","19981911","","","","",""
"2024-11-11","321","NJ","8412FLX-12","STANDARD","321-2","SO","12.00","42.00","USD","NJ0000199821-01","2024-11-12","19982111","","","","",""
"2024-11-11","321","NJ","WM620PRF-16","STANDARD","321-2","SO","10.00","120.00","USD","NJ0000199823-01","2024-11-12","19982311","","","","",""
"2024-11-11","8452","SC","ES1PRF-16","STANDARD","8452-1","SO","6.00","139.20","USD","SC0000199824-01","2024-11-12","19982411","","","","",""
"2024-11-11","8617","SC","WC1PRF-16","STANDARD","8617-12","SO","6.00","134.40","USD","SC0000199827-01","2024-11-12","19982711","","","","",""
"2024-11-11","4327","SC","MCOV8MDF-16","STANDARD","4327-70","SO","4.00","176.00","USD","SC0000199831-01","2024-11-12","19983111","","","","",""
"2024-11-11","4327","SC","MCOV8PRF-16","STANDARD","4327-70","SO","4.00","208.00","USD","SC0000199831-01","2024-11-12","19983112","","","","",""
"2024-11-11","6030","SC","NG512PRF-16","STANDARD","6030-1","SO","13.00","343.20","USD","SC0000199832-01","2024-11-12","19983211","","","","",""
"2024-11-11","4547","NJ","B8712PRF-16","STANDARD","4547-1","SO","30.00","230.40","USD","NJ0000199834-01","2024-11-12","19983411","","","","",""
"2024-11-11","8617","SC","LWM412PRF-16","STANDARD","8617-6","SO","45.00","684.00","USD","SC0000199846-01","2024-11-12","19984611","","","","",""
"2024-11-11","8617","SC","SAN725PRF-16","STANDARD","8617-6","SO","100.00","2640.00","USD","SC0000199846-01","2024-11-12","19984612","","","","",""
"2024-11-11","4346","SC","8200PRF-16","PICKUP","4346-35","SO","9.00","72.00","USD","SC0000199854-01","2024-11-12","19985411","","","","",""
"2024-11-11","9856","NJ","MCR650PRF-16","STANDARD","9856-4","SO","26.00","1227.20","USD","NJ0000199856-01","2024-11-12","19985611","","","","",""
"2024-11-11","3950","NJ","D546WO","STANDARD","3950-1","SO","44.00","396.00","USD","NJ0000199859-01","2024-11-12","19985911","","","","",""
"2024-11-11","3950","NJ","PM2200PRF-16","STANDARD","3950-1","SO","3.00","79.20","USD","NJ0000199859-01","2024-11-12","19985912","","","","",""
"2024-11-11","147","SC","WM47PVC-16","STANDARD","147-2","SO","7.00","252.00","USD","SC0000199874-01","2024-11-12","19987411","","","","",""
"2024-11-11","9479","NJ","D112OAK","STANDARD","9479-1","SO","362.00","1954.80","USD","NJ0000199877-01","2024-11-12","19987711","","","","",""
"2024-11-11","8588","SC","NG914PRF-16","STANDARD","8588-1","SO","40.00","1376.00","USD","SC0000199879-01","2024-11-12","19987911","","","","",""
"2024-11-11","8588","SC","NG914PRF-16","STANDARD","8588-1","SO","29.00","997.60","USD","SC0000199879-01","2024-11-12","19987912","","","","",""
"2024-11-11","8588","SC","NG714PRF-16","STANDARD","8588-1","SO","100.00","2240.00","USD","SC0000199879-01","2024-11-12","19987913","","","","",""
"2024-11-11","6119","NJ","PL134PRF-16","STANDARD","6119-11","SO","20.00","240.00","USD","NJ0000199885-01","2024-11-12","19988511","","","","",""
"2024-11-11","4382","SC","MCOV6PRF-16","STANDARD","4382-29","SO","6.00","240.00","USD","SC0000199886-01","2024-11-12","19988611","","","","",""
"2024-11-11","147","SC","1PVC","STANDARD","147-2","SO","1.00","250.00","USD","SC0000199894-01","2024-11-12","19989411","","","","",""
"2024-11-11","321","NJ","WM53PRF-16","STANDARD","321-2","SO","60.00","432.00","USD","NJ0000199895-01","2024-11-12","19989511","","","","",""
"2024-11-11","321","NJ","8412PRF-16","STANDARD","321-2","SO","80.00","563.20","USD","NJ0000199895-01","2024-11-12","19989512","","","","",""
"2024-11-11","321","NJ","SB212VB","STANDARD","321-2","SO","45.00","3375.00","USD","NJ0000199895-02","2024-11-12","19989523","","","","",""
"2024-11-11","8443","SC","8578PVC-16","STANDARD","8443-1","SO","4.00","60.80","USD","SC0000199899-01","2024-11-12","19989911","","","","",""
"2024-11-11","8453","SC","D112WO","STANDARD","8453-3","SO","70.00","1540.00","USD","SC0000199900-01","2024-11-12","19990011","","","","",""
"2024-11-11","3950","NJ","PM2200PRF-16","STANDARD","3950-1","SO","7.00","184.80","USD","NJ0000199906-01","2024-11-12","19990612","","","","",""
"2024-11-11","6023","SC","ES14PRF-16","STANDARD","6023-1","SO","2.00","40.96","USD","SC0000199908-01","2024-11-12","19990811","","","","",""
"2024-11-11","8446","SC","LK4PRF-16","STANDARD","8446-1","SO","20.00","688.00","USD","SC0000199909-01","2024-11-12","19990911","","","","",""
"2024-11-11","4327","SC","LTX544PRF-16","STANDARD","4327-40","SO","1.00","25.60","USD","SC0000199911-01","2024-11-12","19991111","","","","",""
"2024-11-11","4366","SC","34PVC10","STANDARD","4366-1","SO","6.00","1320.00","USD","SC0000199913-01","2024-11-12","19991311","","","","",""
"2024-11-11","3992","NJ","STF1","STANDARD","3992-1","SO","404.00","929.20","USD","NJ0000199915-01","2024-11-12","19991511","","","","",""
"2024-11-11","16405","SC","COV7PRF-16","STANDARD","16405-1","SO","70.00","3808.00","USD","SC0000199916-01","2024-11-12","19991611","","","","",""
"2024-11-11","8677","SC","34MDF","STANDARD","8677-1","SO","1.00","69.00","USD","SC0000199917-01","2024-11-12","19991711","","","","",""
"2024-11-11","8677","SC","UC41PVC-16","STANDARD","8677-1","SO","6.00","386.88","USD","SC0000199917-02","2024-11-12","19991722","","","","",""
"2024-11-11","8677","SC","D18PVC-18","STANDARD","8677-1","SO","20.00","1426.00","USD","SC0000199917-02","2024-11-12","19991723","","","","",""
"2024-11-11","8677","SC","D14PVC-18","STANDARD","8677-1","SO","10.00","368.00","USD","SC0000199917-02","2024-11-12","19991724","","","","",""
"2024-11-11","3076","SC","MCOV5MDF-16","STANDARD","3076-65","SO","35.00","644.00","USD","SC0000199919-01","2024-11-12","19991911","","","","",""
"2024-11-11","8485","SC","D18OAK-12","STANDARD","8485-1","SO","42.00","2167.20","USD","SC0000199922-01","2024-11-12","19992211","","","","",""
"2024-11-11","8485","SC","D18OAK","STANDARD","8485-1","SO","300.00","1290.00","USD","SC0000199922-02","2024-11-12","19992222","","","","",""
"2024-11-11","8485","SC","D18","STANDARD","8485-1","SO","320.00","800.00","USD","SC0000199922-02","2024-11-12","19992223","","","","",""
"2024-11-11","321","NJ","BB714PRF-16","STANDARD","321-2","SO","7.00","184.80","USD","NJ0000199924-01","2024-11-12","19992411","","","","",""
"2024-11-11","4471","SC","LWM412PRF-16","STANDARD","4471-2","SO","3.00","45.60","USD","SC0000199925-01","2024-11-12","19992511","","","","",""
"2024-11-11","4471","SC","MCBB1PRF-16","STANDARD","4471-2","SO","3.00","43.20","USD","SC0000199925-01","2024-11-12","19992512","","","","",""
"2024-11-11","3076","SC","8024PRF-16","STANDARD","3076-66","SO","6.00","51.84","USD","SC0000199933-01","2024-11-12","19993311","","","","",""
"2024-11-11","3076","SC","8070","STANDARD","3076-66","SO","16.00","4.80","USD","SC0000199933-01","2024-11-12","19993312","","","","",""
"2024-11-11","3076","SC","MCBB1PRF-16","STANDARD","3076-55","SO","12.00","172.80","USD","SC0000199936-01","2024-11-12","19993611","","","","",""
"2024-11-11","5015","NJ","BB714PRF-16","STANDARD","5015-1","CM","-5.00","-132.00","USD","NJ0000199941-01","2024-11-12","19994111","","","","",""
"2024-11-11","8450","SC","WM1021PRF-16","STANDARD","8450-1","SO","3.00","50.40","USD","SC0000199957-01","2024-11-12","19995711","","","","",""
"2024-11-11","8452","SC","D18OAK","STANDARD","8452-1","SO","48.00","240.00","USD","SC0000199967-01","2024-11-12","19996711","","","","",""
"2024-11-11","8452","SC","D14OAK","STANDARD","8452-1","SO","32.00","80.00","USD","SC0000199967-01","2024-11-12","19996712","","","","",""
"2024-11-11","8452","SC","D16OAK","STANDARD","8452-1","SO","32.00","123.20","USD","SC0000199967-01","2024-11-12","19996713","","","","",""
"2024-11-11","147","SC","D1PRF-16","STANDARD","147-1","SO","25.00","192.00","USD","SC0000199980-01","2024-11-12","19998011","","","","",""
"2024-11-11","3031","NJ","HARDWD","STANDARD","3031-1","CM","-24.00","-161.28","USD","NJ0000199989-01","2024-11-12","19998911","","","","",""
"2024-11-11","3641","NJ","D4PRF-16","STANDARD","3641-1","CM","-6.00","-120.00","USD","NJ0000199998-01","2024-11-12","19999811","","","","",""
"2024-11-11","3296","NJ","38MDF","STANDARD","3296-1","CM","-1.00","-34.00","USD","NJ0000200002-01","2024-11-12","20000211","","","","",""
"2024-11-11","3076","SC","MCR650PRF-16","STANDARD","3076-79","SO","28.00","1321.60","USD","SC0000200006-01","2024-11-12","20000611","","","","",""
"2024-11-11","8452","SC","693","STANDARD","8452-1","SO","321.00","1123.50","USD","SC0000200014-01","2024-11-12","20001411","","","","",""
"2024-11-11","8452","SC","D110OAK","STANDARD","8452-1","SO","15.00","95.25","USD","SC0000200014-01","2024-11-12","20001412","","","","",""
"2024-11-11","4327","SC","COV7PRF-16","STANDARD","4327-91","SO","4.00","252.80","USD","SC0000200030-01","2024-11-12","20003011","","","","",""
"2024-11-11","4327","SC","NG512PRF-16","STANDARD","4327-92","SO","15.00","396.00","USD","SC0000200042-01","2024-11-12","20004211","","","","",""
"2024-11-11","4327","SC","COV312PRF-16","STANDARD","4327-36","SO","6.00","158.40","USD","SC0000200054-01","2024-11-12","20005411","","","","",""
"2024-11-11","6037","SC","P714PRF-8","STANDARD","6037-1","SO","1.00","34.00","USD","SC0000200062-01","2024-11-12","20006211","","","","",""
"2024-11-11","8618","SC","BB514PRF-16","STANDARD","8618-1","SO","65.00","780.00","USD","SC0000200073-01","2024-11-12","20007311","","","","",""
"2024-11-11","4471","SC","G8282","STANDARD","4471-1","SO","160.00","168.00","USD","SC0000200085-01","2024-11-12","20008511","","","","",""
"2024-11-11","8524","SC","8200","STANDARD","8524-1","CM","-12.00","-14.40","USD","SC0000200086-01","2024-11-12","20008611","","","","",""
"2024-11-11","6029","SC","SAN525PRF-16","STANDARD","6029-2","SO","7.00","140.00","USD","SC0000200111-01","2024-11-12","20011111","","","","",""
"2024-11-11","147","SC","D544SAP","STANDARD","147-1","SO","24.00","134.40","USD","SC0000200112-01","2024-11-12","20011211","","","","",""
"2024-11-11","147","SC","D546SAP","STANDARD","147-1","SO","14.00","119.70","USD","SC0000200112-01","2024-11-12","20011212","","","","",""
"2024-11-11","147","SC","D14SAP","STANDARD","147-1","SO","14.00","61.60","USD","SC0000200112-01","2024-11-12","20011213","","","","",""
"2024-11-11","9810","NJ","ES7PRF-16","STANDARD","9810-1","CM","-1.00","-23.20","USD","NJ0000200129-01","2024-11-12","20012911","","","","",""
"2024-11-11","9810","NJ","BDB25PRF-16","STANDARD","9810-1","CM","-2.00","-33.60","USD","NJ0000200129-01","2024-11-12","20012912","","","","",""
"2024-11-11","9810","NJ","BB714PRF-16","STANDARD","9810-1","CM","-1.00","-26.40","USD","NJ0000200129-01","2024-11-12","20012913","","","","",""
"2024-11-11","9810","NJ","WM210PRF-16","STANDARD","9810-1","CM","-1.00","-9.28","USD","NJ0000200129-01","2024-11-12","20012914","","","","",""
